-8.423499995940042e-22,-1.1698103806519652e-21,-8.410230711054505e-22,-1.5292746186844318e-21,-1.5292746186844318e-21,-1.1700565771025226e-21,-1.5765665234505042e-21,-1.409350599794096e-09,-1.8400482036522703e-21,-1.5826684450497378e-21,-1.5826644358107789e-21,-1.409389458777024e-09,-1.744499667318697e-21,-2.1694334558941164e-21,-1.7445332365164907e-21,-1.4104886109600372e-09,-1.4103708006044749e-09,-1.4118505321420792e-09,-1.4118017992355288e-09,-3.1126270856118672e-21,-2.919368264790125e-21,-3.1112046658934787e-21,-1.4296344613836612e-21,-1.4126850652158946e-09,-2.96069691810912e-21,-1.006312410600945e-21,-1.4132111999092112e-09,-1.4133290102647735e-09,-2.947271458032515e-21,-2.9606490613599318e-21,-2.947203607320945e-21,-1.4136990856536062e-09,-1.411213987533879e-09,-2.9630041316970683e-21,-1.8204338148026732e-21,-1.816376962224775e-21,-1.8164896806182625e-21,-1.0823735708293212e-21,-1.4143812729820445e-09,-1.2162032527306886e-21,-1.2178337559282102e-21,-1.4144207486683405e-09,-1.4153915931994162e-09,-9.981716561796422e-22,-1.211185764855117e-21,-4.0346309282681856e-21,-1.4153120251234128e-09,-4.0362511405573085e-21,-4.040092261984138e-21,-1.129937378202703e-21,-4.141500826720725e-21,-4.017033924498286e-21,-1.129943767505108e-21,-4.145357476866533e-21,-4.01665766873706e-21
-1.169810380651959e-21,1.8204050718085934e-21,-1.1713172793414703e-21,-3.258122649742401e-21,-3.258122649742401e-21,1.8202510496884735e-21,1.4965564910459936e-21,-2.990022309545322e-09,-4.170873156752442e-21,1.4842903767611144e-21,1.4842990644275696e-21,-2.9901101509996715e-09,1.3121005920822706e-21,-5.038141345224078e-21,1.3122152790005842e-21,-2.992561028613254e-09,-2.992298469040005e-09,-2.995752264663701e-09,-2.9955539091947855e-09,-7.137434886215619e-21,-6.7156612285720035e-21,-7.138779976240839e-21,2.4245269650027934e-21,-2.997464231025115e-09,-6.855894958277024e-21,3.782857379612933e-21,-2.998589768505101e-09,-2.998852328078351e-09,-6.853716499373401e-21,-6.855814169152496e-21,-6.853533098146293e-21,-2.999508749802897e-09,-2.994358378871683e-09,-6.824140607628007e-21,1.5602529339668969e-21,1.5757569683473901e-21,1.5758059694012645e-21,3.750666398110243e-21,-3.000985170705366e-09,3.6074707571532504e-21,3.6280518252250725e-21,-3.0010725297648302e-09,-3.0030325838525383e-09,3.8320495433243546e-21,3.623910579564818e-21,-9.365690982778745e-21,-3.002858348128523e-09,-9.364667838439415e-21,-9.363419877904258e-21,3.755954491997602e-21,-9.730313330682776e-21,-9.377933259761249e-21,3.7559595463618096e-21,-9.729053195067555e-21,-9.377045197319631e-21
-8.410230711054743e-22,-1.171317279341477e-21,-8.396948747792694e-22,-1.5256043210263736e-21,-1.5256043210263736e-21,-1.1715632017219645e-21,-1.5774797271072734e-21,-1.4056606599264853e-09,-1.8353431930951838e-21,-1.5835678709995603e-21,-1.5835638724146963e-21,-1.4056994125015332e-09,-1.7451192685064515e-21,-2.1637197355755493e-21,-1.745152958118141e-21,-1.4067955840652016e-09,-1.4066780930664685e-09,-1.4081536785592795e-09,-1.4081051553385175e-09,-3.1043639095564102e-21,-2.9116192557084978e-21,-3.1029404382739364e-21,-1.4314662872755043e-21,-1.4089860772821527e-09,-2.952792859863813e-21,-1.0096496881568424e-21,-1.4095108264087983e-09,-1.4096283174075316e-09,-2.939379126528314e-21,-2.9527451097248565e-21,-2.9393114875670052e-21,-1.4099975351401938e-09,-1.4075188380754385e-09,-2.9551267197027156e-21,-1.8212136896969883e-21,-1.8171753864295603e-21,-1.8172881116863065e-21,-1.085623748647276e-21,-1.410677911203847e-09,-1.2192269931138601e-21,-1.2208790027736449e-21,-1.410717280415668e-09,-1.411685669241119e-09,-1.0015608768376908e-21,-1.214228234210962e-21,-4.023714704724163e-21,-1.4116063141806605e-09,-4.0253355873013796e-21,-4.029177123328888e-21,-1.1331617218415911e-21,-4.130185969107241e-21,-4.006119309200937e-21,-1.1331681135311519e-21,-4.1340430337153996e-21,-4.005744116186577e-21
-1.529274618684418e-21,-3.258122649742402e-21,-1.5256043210264e-21,-2.217350311160745e-21,-2.217350311160745e-21,-3.258514753228043e-21,-3.679170597704192e-21,-1.4123446303588405e-09,-2.523658587844181e-21,-3.689041078194746e-21,-3.689037060692974e-21,-1.4123835643375322e-09,-3.8421122462912626e-21,-2.8517509390022548e-21,-3.842277282547386e-21,-1.4134848850921675e-09,-1.413366842117069e-09,-1.414849277154495e-09,-1.4148005736140972e-09,-3.807708670063109e-21,-3.6096563743012924e-21,-3.8039471989205595e-21,-3.53608941361416e-21,-1.4156856650429027e-09,-3.646975021275534e-21,-3.110880890293791e-21,-1.4162129044292882e-09,-1.4163309474043868e-09,-3.631849881074031e-21,-3.646924744994668e-21,-3.631781941428922e-21,-1.416701989106972e-09,-1.4142114410271484e-09,-3.651778792233921e-21,-3.93185053350326e-21,-3.932337160439877e-21,-3.932597678972021e-21,-3.1882506445822076e-21,-1.4173855849276917e-09,-3.3279528573431204e-21,-3.341332740402838e-21,-1.41742513942584e-09,-1.4183981858746915e-09,-3.109823661025157e-21,-3.3244185761229014e-21,-4.72220299351394e-21,-1.4183184563588288e-09,-4.726307682734773e-21,-4.735585048553026e-21,-3.2523859685044966e-21,-4.829949695066558e-21,-4.700645585250944e-21,-3.2524015527768206e-21,-4.839247263411134e-21,-4.7002686558549036e-21
-1.529274618684418e-21,-3.258122649742402e-21,-1.5256043210264e-21,-2.217350311160745e-21,-2.217350311160745e-21,-3.258514753228043e-21,-3.679170597704192e-21,-1.4123446303588405e-09,-2.523658587844181e-21,-3.689041078194746e-21,-3.689037060692974e-21,-1.4123835643375322e-09,-3.8421122462912626e-21,-2.8517509390022548e-21,-3.842277282547386e-21,-1.4134848850921675e-09,-1.413366842117069e-09,-1.414849277154495e-09,-1.4148005736140972e-09,-3.807708670063109e-21,-3.6096563743012924e-21,-3.8039471989205595e-21,-3.53608941361416e-21,-1.4156856650429027e-09,-3.646975021275534e-21,-3.110880890293791e-21,-1.4162129044292882e-09,-1.4163309474043868e-09,-3.631849881074031e-21,-3.646924744994668e-21,-3.631781941428922e-21,-1.416701989106972e-09,-1.4142114410271484e-09,-3.651778792233921e-21,-3.93185053350326e-21,-3.932337160439877e-21,-3.932597678972021e-21,-3.1882506445822076e-21,-1.4173855849276917e-09,-3.3279528573431204e-21,-3.341332740402838e-21,-1.41742513942584e-09,-1.4183981858746915e-09,-3.109823661025157e-21,-3.3244185761229014e-21,-4.72220299351394e-21,-1.4183184563588288e-09,-4.726307682734773e-21,-4.735585048553026e-21,-3.2523859685044966e-21,-4.829949695066558e-21,-4.700645585250944e-21,-3.2524015527768206e-21,-4.839247263411134e-21,-4.7002686558549036e-21
-1.1700565771025397e-21,1.8202510496884856e-21,-1.1715632017219685e-21,-3.2585147532280296e-21,-3.2585147532280296e-21,1.820097011601746e-21,1.4964097925649818e-21,-2.990184060478034e-09,-4.1713265849128596e-21,1.4841421257436171e-21,1.4841508138894155e-21,-2.990271906962518e-09,1.311954196768395e-21,-5.03864999045995e-21,1.3120688750210221e-21,-2.9927229232895407e-09,-2.99246034886259e-09,-2.995914347526014e-09,-2.9957159764342543e-09,-7.138065073264887e-21,-6.716266818393702e-21,-7.139409883288058e-21,2.4244615905958816e-21,-2.997626403483339e-09,-6.856510133932271e-21,3.782889626735507e-21,-2.9987520023310934e-09,-2.9990145767580435e-09,-6.854332525268228e-21,-6.8564293411457e-21,-6.854149112087205e-21,-2.9996710273618196e-09,-2.994520384092295e-09,-6.824752740145845e-21,1.5601381061739717e-21,1.5756422018259233e-21,1.5756911934063003e-21,3.750703357826516e-21,-3.001147529634247e-09,3.607505909240991e-21,3.628086475252752e-21,-3.0012348936054934e-09,-3.0031950485922335e-09,3.8320843530558256e-21,3.623946603250443e-21,-9.366453593458848e-21,-3.0030208031630056e-09,-9.365430768113894e-21,-9.364183610844404e-21,3.755993291116341e-21,-9.731102987609435e-21,-9.378698179312315e-21,3.755998345271966e-21,-9.729843652997133e-21,-9.377810064202303e-21
-1.5765665234505072e-21,1.496556491046003e-21,-1.5774797271072767e-21,-3.679170597704231e-21,-3.679170597704231e-21,1.4964097925649722e-21,1.1682821332025288e-21,-3.0085444346102123e-09,-4.5966233357157734e-21,1.1550020245858203e-21,1.1550107660083718e-21,-3.008632818402291e-09,9.842896657430456e-22,-5.469036649044877e-21,9.844108240732114e-22,-3.011098838481405e-09,-3.010834656671734e-09,-3.014309741993149e-09,-3.014110189594736e-09,-7.58517230711432e-21,-7.159237866912725e-21,-7.585921826804063e-21,2.1018990177907185e-21,-3.0160323329894785e-09,-7.300710786313599e-21,3.469038682512509e-21,-3.0171648396549052e-09,-3.017429021464576e-09,-7.298176444331371e-21,-7.300629919428128e-21,-7.297991920214682e-21,-3.0180895526061224e-09,-3.0129072361186653e-09,-7.269195214132299e-21,1.2319381921558998e-21,1.2463278302968333e-21,1.2463858691452682e-21,3.43654546038002e-21,-3.0195751096565765e-09,3.2911447006093265e-21,3.309059641697178e-21,-3.0196630086653774e-09,-3.021635237972913e-09,3.516730017254727e-21,3.3075566228440854e-21,-9.825347163207976e-21,-3.021459924738598e-09,-9.824913215139652e-21,-9.825123247919404e-21,3.438241818918172e-21,-1.0192442058998252e-20,-9.83688797175387e-21,3.43824861694705e-21,-1.0192638997097939e-20,-9.835994438167386e-21
-1.4093505997940662e-09,-2.9900223095452956e-09,-1.4056606599264793e-09,-1.4123446303588265e-09,-1.4123446303588265e-09,-2.990184060477999e-09,-3.00854443461022e-09,-4.165391230319869e-09,-1.4053364493437732e-09,-3.014435321380719e-09,-3.0144353213807196e-09,-4.164622367610741e-09,-2.9993823569481326e-09,-1.4029738392645758e-09,-2.999531393373077e-09,-4.1975694178812136e-09,-4.199665867027212e-09,-4.265911039343746e-09,-4.221435563581307e-09,-1.4217608777242643e-09,-1.4141922408458634e-09,-1.4180751760261625e-09,-3.0123576412298058e-09,-4.263091455781655e-09,-1.4099264627178444e-09,-3.0095901458490412e-09,-4.257470891783924e-09,-4.255283330078836e-09,-1.4074719437814498e-09,-1.4099243436332255e-09,-1.4074719437816095e-09,-4.209678917671129e-09,-4.275274067189166e-09,-1.4134814110267907e-09,-3.0178887716886684e-09,-3.025123853176386e-09,-3.0252877231938645e-09,-3.0108389110903173e-09,-4.253857046788056e-09,-3.0191864358483086e-09,-3.0373570634895537e-09,-4.2003700803114984e-09,-4.199634990851857e-09,-3.0207087044188435e-09,-3.0211598695901647e-09,-1.4082035093196134e-09,-4.253653421235838e-09,-1.4120509619503997e-09,-1.4207086442665557e-09,-3.0357302594756615e-09,-1.4095985618245356e-09,-1.4024539712975796e-09,-3.0357387358143e-09,-1.4182604823099233e-09,-1.4024539712981327e-09
-1.8400482036522767e-21,-4.170873156752378e-21,-1.835343193095206e-21,-2.5236585878441827e-21,-2.5236585878441827e-21,-4.171326584912805e-21,-4.59662333571571e-21,-1.4053364493437527e-09,-2.825778739195397e-21,-4.608123091970959e-21,-4.608119094801749e-21,-1.4053751783279321e-09,-4.756622726532367e-21,-3.1511037184346104e-21,-4.756843983224406e-21,-1.4064707742563324e-09,-1.4063533445958711e-09,-1.407827736449237e-09,-1.407779482117001e-09,-4.1070274872651414e-21,-3.907996281800656e-21,-4.102233610633677e-21,-4.45702641889912e-21,-1.408660102051248e-09,-3.9432874344342064e-21,-4.0341980350286024e-21,-1.4091847048802723e-09,-1.4093021345407334e-09,-3.927453719035949e-21,-3.9432363902383896e-21,-3.9273862027312585e-21,-1.4096716163944071e-09,-1.4071931602072896e-09,-3.9492279723080285e-21,-4.852578946844812e-21,-4.855110502890384e-21,-4.855433795917611e-21,-4.111888589370204e-21,-1.4103517565141804e-09,-4.2536090245776164e-21,-4.2721985886671124e-21,-1.4103911068522514e-09,-1.4113595427335703e-09,-4.036368608770648e-21,-4.2507562888684096e-21,-5.012354769007251e-21,-1.411280220703397e-09,-5.017552839566246e-21,-5.029228445433944e-21,-4.183202449432151e-21,-5.119644306652616e-21,-4.989085105247322e-21,-4.183221885288914e-21,-5.131342057527819e-21,-4.988710242485607e-21
-1.5826684450497451e-21,1.4842903767611146e-21,-1.583567870999562e-21,-3.68904107819474e-21,-3.68904107819474e-21,1.4841421257436218e-21,1.1550020245858221e-21,-3.014435321380725e-09,-4.608123091970981e-21,1.1416741390998476e-21,1.1416828975393982e-21,-3.014523875287984e-09,9.705860070509808e-22,-5.482141314687299e-21,9.707063472332065e-22,-3.0169946590854394e-09,-3.016729966875417e-09,-3.020211685099409e-09,-3.0200117937586517e-09,-7.602422867703404e-21,-7.175638188089674e-21,-7.60315830375627e-21,2.0900871104759323e-21,-3.0219376809479804e-09,-7.317329061485459e-21,3.459661251344985e-21,-3.0230724000425133e-09,-3.0233370922525353e-09,-7.314765695472016e-21,-7.317248006539856e-21,-7.314580831563441e-21,-3.0239989869463703e-09,-3.018806456724324e-09,-7.285786676004025e-21,1.2184144607224554e-21,1.2328030128230736e-21,1.2328599253311549e-21,3.427027475155803e-21,-3.0254874369140574e-09,3.281234124231908e-21,3.2991035196007317e-21,-3.0255755060654437e-09,-3.0275516514477117e-09,3.507388509961049e-21,3.2976652498834947e-21,-9.84678131761885e-21,-3.0273759979008215e-09,-9.846363188800159e-21,-9.846609036000923e-21,3.428573585804387e-21,-1.0214524340951683e-20,-9.858294639019376e-21,3.428580313368902e-21,-1.0214757129252642e-20,-9.857399404829185e-21
-1.5826644358107757e-21,1.484299064427567e-21,-1.5835638724147057e-21,-3.689037060692967e-21,-3.689037060692967e-21,1.4841508138894172e-21,1.1550107660083694e-21,-3.0144353213807254e-09,-4.6081190948017606e-21,1.141682897539396e-21,1.1416916559789465e-21,-3.0145238752879846e-09,9.70594722079677e-22,-5.482137324415632e-21,9.707150627028842e-22,-3.01699465908544e-09,-3.0167299668754177e-09,-3.02021168509941e-09,-3.0200117937586526e-09,-7.602418823473235e-21,-7.1756341656001e-21,-7.603154270167414e-21,2.090095863165618e-21,-3.0219376809479813e-09,-7.317325051696339e-21,3.459669996078624e-21,-3.023072400042514e-09,-3.023337092252536e-09,-7.314761692793495e-21,-7.317243996757129e-21,-7.314576828884928e-21,-3.023998986946371e-09,-3.018806456724325e-09,-7.285782655895186e-21,1.2184232295796449e-21,1.23281180256028e-21,1.2328687155540978e-21,3.427036223546055e-21,-3.0254874369140582e-09,3.281242896756159e-21,3.2991123446523667e-21,-3.0255755060654446e-09,-3.0275516514477125e-09,3.507397286804049e-21,3.297674028174392e-21,-9.84677731268106e-21,-3.0273759979008223e-09,-9.846359172741698e-21,-9.846604994962896e-21,3.4285824062305446e-21,-1.021452033199744e-20,-9.858290650745006e-21,3.428589133820633e-21,-1.0214753095306038e-20,-9.857395416554808e-21
-1.4093894587769974e-09,-2.9901101509996835e-09,-1.4056994125015274e-09,-1.4123835643374981e-09,-1.4123835643374981e-09,-2.9902719069625224e-09,-3.0086328184022737e-09,-4.1646223676106355e-09,-1.4053751783279354e-09,-3.0145238752879722e-09,-3.014523875287973e-09,-4.163853456825523e-09,-2.9994704783174926e-09,-1.4030124978635338e-09,-2.999619519356998e-09,-4.1968007363071e-09,-4.1988973231423046e-09,-4.265143399407206e-09,-4.220666694092057e-09,-1.4218000695959643e-09,-1.4142312178034292e-09,-1.4181142616284762e-09,-3.012446142620147e-09,-4.26232322154224e-09,-1.4099653052666091e-09,-3.009678568461387e-09,-4.256702161532469e-09,-4.25451445963226e-09,-1.407510714848309e-09,-1.409963186112731e-09,-1.4075107148484157e-09,-4.208908528838014e-09,-4.274507108599325e-09,-1.4135203577350695e-09,-3.0179774384400773e-09,-3.025212728267465e-09,-3.0253766033843382e-09,-3.0109273712284485e-09,-4.253087494372903e-09,-3.019275137652805e-09,-3.0374462911455586e-09,-4.1995989603755646e-09,-4.198863260349635e-09,-3.020797447847795e-09,-3.0212486303426794e-09,-1.4082423058483938e-09,-4.252883299269644e-09,-1.4120898697787696e-09,-1.4207478012216978e-09,-3.0358194423470637e-09,-1.409637398240101e-09,-1.4024926001673903e-09,-3.035827918962735e-09,-1.4182995679908975e-09,-1.4024926001679367e-09
-1.74449966731869e-21,1.312100592082267e-21,-1.7451192685064444e-21,-3.842112246291306e-21,-3.842112246291306e-21,1.3119541967683987e-21,9.842896657430467e-22,-2.999382356948157e-09,-4.7566227265324165e-21,9.705860070509831e-22,9.705947220796781e-22,-2.999470478317538e-09,8.018678953852519e-22,-5.626476066410543e-21,8.019876782163642e-22,-3.0019291369183127e-09,-3.0016657438926024e-09,-3.005130638688953e-09,-3.004931575513057e-09,-7.738085703770787e-21,-7.312712875636675e-21,-7.738541958553917e-21,1.9157846554100357e-21,-3.00684791074351e-09,-7.453863923619925e-21,3.2795921122715013e-21,-3.0079769801441263e-09,-3.0082403731698365e-09,-7.451196791280225e-21,-7.453783434778729e-21,-7.451012779882014e-21,-3.00889873216818e-09,-3.003732349768038e-09,-7.42262830005877e-21,1.048183625702308e-21,1.0619470701280738e-21,1.0620047945330877e-21,3.2473100546003147e-21,-3.0103798015051015e-09,3.101889615244061e-21,3.1183842978810423e-21,-3.0104674373332673e-09,-3.012433536177065e-09,3.326291830660255e-21,3.1181694254444425e-21,-9.970838158368092e-21,-3.0122587500619506e-09,-9.970696995396826e-21,-9.971607860537115e-21,3.247302636704607e-21,-1.0337110757955506e-20,-9.982007031664166e-21,3.247309860838996e-21,-1.033800830020429e-20,-9.98111610714604e-21
-2.1694334558941228e-21,-5.038141345224052e-21,-2.163719735575608e-21,-2.8517509390022732e-21,-2.8517509390022732e-21,-5.0386499904598915e-21,-5.469036649044911e-21,-1.4029738392645952e-09,-3.1511037184346145e-21,-5.482141314687283e-21,-5.482137324415624e-21,-1.4030124978636006e-09,-5.626476066410529e-21,-3.474999697339122e-21,-5.6267477604529074e-21,-1.4041061356941816e-09,-1.4039889157795715e-09,-1.4054605217307283e-09,-1.4054124412960902e-09,-4.434113838759868e-21,-4.233454960272726e-21,-4.428313025879494e-21,-5.331557371769475e-21,-1.4062915451789531e-09,-4.2671147799397754e-21,-4.909161762520697e-21,-1.4068152569651201e-09,-1.40693247687973e-09,-4.2505870212202955e-21,-4.267062969317787e-21,-4.250519656963221e-21,-1.4073014633161972e-09,-1.4048270547355146e-09,-4.274107041486105e-21,-5.7281081838733016e-21,-5.7326180529463804e-21,-5.732997535496924e-21,-4.987237082324731e-21,-1.4079804315572667e-09,-5.131176121069047e-21,-5.1548005048494764e-21,-1.408019712214985e-09,-1.4089866173417287e-09,-4.914416199103139e-21,-5.128937980066252e-21,-5.3337987371001675e-21,-1.4089074339674115e-09,-5.340058779385119e-21,-5.354082803349377e-21,-5.0655158329835705e-21,-5.441145413636607e-21,-5.3088851697353965e-21,-5.065538582253552e-21,-5.4551932534117296e-21,-5.3085110249221846e-21
-1.7445332365165042e-21,1.3122152790005953e-21,-1.74515295811815e-21,-3.842277282547441e-21,-3.842277282547441e-21,1.312068875021026e-21,9.844108240732143e-22,-2.999531393373073e-09,-4.756843983224502e-21,9.707063472332064e-22,9.707150627028863e-22,-2.9996195193570275e-09,8.019876782163665e-22,-5.6267477604529e-21,8.021074597378935e-22,-3.0020783053233542e-09,-3.001814898658646e-09,-3.005279979360362e-09,-3.0050809021443106e-09,-7.738466814076588e-21,-7.313072252309943e-21,-7.738923183638243e-21,1.915978644845333e-21,-3.006997334186739e-09,-7.454232085946093e-21,3.2798740120142067e-21,-3.00812646009651e-09,-3.0083898667612184e-09,-7.451565879142213e-21,-7.454151593661926e-21,-7.451381856877064e-21,-3.009048252849412e-09,-3.0038816190629524e-09,-7.422993463798143e-21,1.0483326092775996e-21,1.0620968552117013e-21,1.062154577241791e-21,3.247595905857657e-21,-3.0105293970514222e-09,3.1021741306613064e-21,3.1186701279053556e-21,-3.010617037391799e-09,-3.0125832295755592e-09,3.3265771398113822e-21,3.1184548766577232e-21,-9.97134158067966e-21,-3.012408434538383e-09,-9.971200331800683e-21,-9.97211104510506e-21,3.2475922808216902e-21,-1.0337638429447637e-20,-9.982512953522014e-21,3.2475995047291207e-21,-1.0338535817926749e-20,-9.981621980810912e-21
-1.4104886109600427e-09,-2.9925610286132376e-09,-1.4067955840651885e-09,-1.4134848850921201e-09,-1.4134848850921201e-09,-2.992722923289516e-09,-3.011098838481396e-09,-4.197569417880913e-09,-1.4064707742563339e-09,-3.0169946590854187e-09,-3.0169946590854187e-09,-4.196800736306916e-09,-3.0019291369182895e-09,-1.404106135694173e-09,-3.0020783053233464e-09,-4.2297985321332395e-09,-4.231894251310355e-09,-4.298227093382366e-09,-4.253712780918982e-09,-1.4229086958747163e-09,-1.4153338040573692e-09,-1.419219911070524e-09,-3.0149154111086828e-09,-4.29542174205503e-09,-1.4110641947152828e-09,-3.012145624123376e-09,-4.289807252817373e-09,-4.287620347658312e-09,-1.4086076061844696e-09,-1.4110620736700891e-09,-1.4086076061845765e-09,-4.2419844543061485e-09,-4.30758469591338e-09,-1.414622154988225e-09,-3.020451303863868e-09,-3.027692431347039e-09,-3.027856447068667e-09,-3.0133954689744576e-09,-4.286213617155448e-09,-3.021749999120914e-09,-3.039935871256966e-09,-4.232682745861218e-09,-4.231966131782949e-09,-3.0232734888681254e-09,-3.023725130821423e-09,-1.4093398842979826e-09,-4.286028082576531e-09,-1.413190563778407e-09,-1.4218554767932354e-09,-3.038307755258471e-09,-1.4107360960183972e-09,-1.4035854933873148e-09,-3.0383162394394066e-09,-1.4194052511236768e-09,-1.4035854933878936e-09
-1.4103708006045565e-09,-2.9922984690400094e-09,-1.406678093066471e-09,-1.4133668421170085e-09,-1.4133668421170085e-09,-2.992460348862534e-09,-3.0108346566716962e-09,-4.19966586702692e-09,-1.4063533445959437e-09,-3.0167299668753946e-09,-3.0167299668753946e-09,-4.198897323142532e-09,-3.0016657438925793e-09,-1.4039889157795152e-09,-3.001814898658572e-09,-4.231894251310411e-09,-4.233989576493054e-09,-4.300319443956388e-09,-4.255808841208077e-09,-1.4227898698295748e-09,-1.4152156252467102e-09,-1.4191014039773042e-09,-3.014650881431024e-09,-4.297515758602987e-09,-1.4109464117264483e-09,-3.011881331562335e-09,-4.2919026780990285e-09,-4.2897161745361824e-09,-1.4084900372656456e-09,-1.410944290883705e-09,-1.4084900372657524e-09,-4.244084799360419e-09,-4.309675102293579e-09,-1.4145040604832911e-09,-3.020186281789138e-09,-3.0274267837927723e-09,-3.027590784458249e-09,-3.013131064795791e-09,-4.288311345695897e-09,-3.021484870269398e-09,-3.039669165428581e-09,-4.234785172977317e-09,-4.2340702585349845e-09,-3.023008233580203e-09,-3.023459826407398e-09,-1.4092222418623366e-09,-4.288127393877636e-09,-1.4130725875371404e-09,-1.4217367525025689e-09,-3.038041185254015e-09,-1.4106183336448496e-09,-1.4034683529039447e-09,-3.038049668625181e-09,-1.419286740295751e-09,-1.4034683529046207e-09
-1.4118505321420867e-09,-2.9957522646636834e-09,-1.4081536785592656e-09,-1.4148492771544944e-09,-1.4148492771544944e-09,-2.995914347525989e-09,-3.0143097419931473e-09,-4.26591103934387e-09,-1.407827736449246e-09,-3.020211685099411e-09,-3.020211685099411e-09,-4.265143399407235e-09,-3.005130638688982e-09,-1.4054605217306654e-09,-3.00527997936034e-09,-4.298227093382434e-09,-4.30031944395653e-09,-4.3667929555409145e-09,-4.3222288828306255e-09,-1.4242820903583743e-09,-1.4166995363771035e-09,-1.4205894841727038e-09,-3.018130695966813e-09,-4.364021695302141e-09,-1.4124248661981873e-09,-3.0153580964462315e-09,-4.3584254240993356e-09,-4.3562417998570305e-09,-1.4099656930392486e-09,-1.4124227424997172e-09,-1.4099656930393553e-09,-4.310573493967442e-09,-4.376130682028448e-09,-1.4159866050842912e-09,-3.0236726522972412e-09,-3.030921266196555e-09,-3.0310854727574856e-09,-3.0166093210115243e-09,-4.354879873866807e-09,-3.024972560941632e-09,-3.0431773810621054e-09,-4.301295416748037e-09,-4.3006206302613544e-09,-3.026497502280211e-09,-3.0269498532166036e-09,-1.4106989738613813e-09,-4.354734868078228e-09,-1.4145536629092455e-09,-1.4232275244253515e-09,-3.041547696924859e-09,-1.4120966131741661e-09,-1.4049385164831963e-09,-3.04155619171892e-09,-1.420774722087165e-09,-1.4049385164837391e-09
-1.4118017992355629e-09,-2.995553909194775e-09,-1.4081051553385204e-09,-1.4148005736140774e-09,-1.4148005736140774e-09,-2.9957159764342353e-09,-3.0141101895947343e-09,-4.221435563581742e-09,-1.4077794821170104e-09,-3.0200117937586455e-09,-3.0200117937586455e-09,-4.220666694091869e-09,-3.0049315755130654e-09,-1.4054124412960513e-09,-3.0050809021443078e-09,-4.2537127809188986e-09,-4.255808841207702e-09,-4.3222288828305304e-09,-4.277669847241367e-09,-1.4242330917192296e-09,-1.416650909012403e-09,-1.420540694691855e-09,-3.017930792588694e-09,-4.31943219700276e-09,-1.4123766816484745e-09,-3.015158332236742e-09,-4.313819631831918e-09,-4.311632300912136e-09,-1.4099176602869594e-09,-1.412374558213786e-09,-1.4099176602871185e-09,-4.265956298698644e-09,-4.331586512286546e-09,-1.4159381895997422e-09,-3.0234723315773932e-09,-3.0307205396177292e-09,-3.0308847302920352e-09,-3.016409459199976e-09,-4.310238461640747e-09,-3.0247722081264973e-09,-3.042975962968721e-09,-4.2566557562853e-09,-4.255951571707126e-09,-3.0262971029464398e-09,-3.026749352389397e-09,-1.4106508227586645e-09,-4.310065305262938e-09,-1.414505287025495e-09,-1.4231786660059126e-09,-3.0413463338509216e-09,-1.4120483888240126e-09,-1.4048907247804387e-09,-3.0413548275898255e-09,-1.4207260146740104e-09,-1.4048907247810694e-09
-3.112627085611872e-21,-7.13743488621556e-21,-3.104363909556419e-21,-3.807708670063018e-21,-3.807708670063018e-21,-7.138065073264784e-21,-7.585172307114358e-21,-1.4217608777243075e-09,-4.107027487265247e-21,-7.602422867703357e-21,-7.602418823473185e-21,-1.4218000695960508e-09,-7.738085703770872e-21,-4.434113838759903e-21,-7.738466814076631e-21,-1.4229086958748052e-09,-1.4227898698295948e-09,-1.424282090358363e-09,-1.4242330917193109e-09,-5.4188505968082986e-21,-5.2104353345887735e-21,-5.4105024396081695e-21,-7.446783040437313e-21,-1.425124072787342e-09,-5.241611142475849e-21,-7.015556703327578e-21,-1.4256548244296788e-09,-1.425773650474889e-09,-5.223271662814818e-21,-5.241557118070328e-21,-5.22320328251146e-21,-1.4261472060878028e-09,-1.423640015250702e-09,-5.251016435285353e-21,-7.852580866581615e-21,-7.861998906619249e-21,-7.862500012888748e-21,-7.095173793181602e-21,-1.4268353504322231e-09,-7.246274062433467e-21,-7.282419331456068e-21,-1.426875167518836e-09,-1.4278547324427406e-09,-7.02828190909428e-21,-7.24535662617689e-21,-6.322155479206476e-21,-1.427774473054404e-09,-6.331084527739085e-21,-6.351090691233018e-21,-7.191052352926058e-21,-6.432271252770146e-21,-6.2931440391359545e-21,-7.191081672742336e-21,-6.452304580471814e-21,-6.292764624719588e-21
-2.9193682647902108e-21,-6.715661228571905e-21,-2.9116192557084305e-21,-3.609656374301275e-21,-3.609656374301275e-21,-6.716266818393631e-21,-7.159237866912733e-21,-1.4141922408459267e-09,-3.9079962818006904e-21,-7.17563818808968e-21,-7.175634165600101e-21,-1.4142312178033948e-09,-7.31271287563662e-21,-4.233454960272672e-21,-7.313072252309937e-21,-1.4153338040574296e-09,-1.4152156252467127e-09,-1.4166995363771444e-09,-1.4166509090124334e-09,-5.2104353345887705e-21,-5.0041102709530515e-21,-5.20260116607722e-21,-7.021793308456261e-21,-1.4175371046580298e-09,-5.035634539280806e-21,-6.593751806880739e-21,-1.4180650200564257e-09,-1.4181831988671424e-09,-5.017679810253756e-21,-5.0355810699754924e-21,-5.017611839845502e-21,-1.4185549155657643e-09,-1.416060929797905e-09,-5.044570785802899e-21,-7.424664227523427e-21,-7.433109080450276e-21,-7.433585891803525e-21,-6.6729309793880406e-21,-1.4192393627633027e-09,-6.82231333254638e-21,-6.855949786371385e-21,-1.4192789636898135e-09,-1.4202534298561e-09,-6.605014070123398e-21,-6.82114868840224e-21,-6.1103710822724944e-21,-1.4201736040338087e-09,-6.118761492617429e-21,-6.1375583469498986e-21,-6.765205696074404e-21,-6.219561438549905e-21,-6.082201146796951e-21,-6.76523371494666e-21,-6.238384781701401e-21,-6.08182385660673e-21
-3.1112046658934072e-21,-7.138779976240878e-21,-3.102940438273902e-21,-3.803947198920607e-21,-3.803947198920607e-21,-7.13940988328794e-21,-7.585921826804049e-21,-1.418075176026157e-09,-4.1022336106337286e-21,-7.603158303756215e-21,-7.603154270167364e-21,-1.4181142616285411e-09,-7.738541958553948e-21,-4.428313025879478e-21,-7.738923183638231e-21,-1.4192199110705793e-09,-1.419101403977298e-09,-1.420589484172727e-09,-1.420540694691901e-09,-5.410502439608286e-21,-5.2026011660773326e-21,-5.402153446925958e-21,-7.448448135627874e-21,-1.4214293345254607e-09,-5.233622379204141e-21,-7.018724293296307e-21,-1.421958702220665e-09,-1.4220772093139462e-09,-5.215294819344387e-21,-5.233568461382197e-21,-5.21522665042894e-21,-1.4224499078671504e-09,-1.4199491111010231e-09,-5.243053999303094e-21,-7.853195082190011e-21,-7.862631230741876e-21,-7.863132337828905e-21,-7.09825394052078e-21,-1.423136243115075e-09,-7.249127160669494e-21,-7.285292864156524e-21,-1.4231759538604031e-09,-1.4241530655983731e-09,-7.031500680060544e-21,-7.248228327160421e-21,-6.311158840318596e-21,-1.4240730189645314e-09,-6.3200883380656125e-21,-6.3400944084538975e-21,-7.194105064108555e-21,-6.42087677423943e-21,-6.282149451866445e-21,-7.194134386120378e-21,-6.440910008494947e-21,-6.2817710987052505e-21
-1.4296344613836618e-21,2.424526965002797e-21,-1.4314662872755025e-21,-3.536089413614154e-21,-3.536089413614154e-21,2.4244615905958828e-21,2.1018990177907196e-21,-3.012357641229772e-09,-4.457026418899168e-21,2.090087110475935e-21,2.0900958631656205e-21,-3.0124461426201323e-09,1.9157846554100305e-21,-5.33155737176951e-21,1.915978644845319e-21,-3.0149154111086505e-09,-3.0146508814310753e-09,-3.0181306959668138e-09,-3.017930792588693e-09,-7.446783040437309e-21,-7.021793308456346e-21,-7.448448135627853e-21,3.039137393427817e-21,-3.019855409825946e-09,-7.165836277826625e-21,4.4079159722793604e-21,-3.0209893615110137e-09,-3.0212538911885893e-09,-7.164011930179777e-21,-7.165756770552358e-21,-7.163827131450928e-21,-3.021915126623151e-09,-3.016726367643128e-09,-7.133178461308279e-21,2.1700647343625657e-21,2.1862361323751913e-21,2.186377112717517e-21,4.375994206371344e-21,-3.0234025966228897e-09,4.23272628638339e-21,4.255393784773725e-21,-3.023490610766515e-09,-3.0254652369006157e-09,4.4584728556278736e-21,4.249882554811307e-21,-9.693925704935928e-21,-3.025289695860137e-09,-9.692495350751916e-21,-9.690614173010522e-21,4.384515920124571e-21,-1.0061321611137831e-20,-9.707163794834694e-21,4.384528508744868e-21,-1.005942439415125e-20,-9.70626903599582e-21
-1.4126850652159463e-09,-2.9974642310251122e-09,-1.4089860772821852e-09,-1.4156856650428508e-09,-1.4156856650428508e-09,-2.9976264034832756e-09,-3.0160323329894893e-09,-4.263091455781764e-09,-1.4086601020512834e-09,-3.021937680947932e-09,-3.021937680947932e-09,-4.262323221542035e-09,-3.006847910743534e-09,-1.4062915451789767e-09,-3.006997334186714e-09,-4.295421742055334e-09,-4.2975157586025396e-09,-4.364021695301936e-09,-4.319432197002633e-09,-1.4251240727872956e-09,-1.417537104657973e-09,-1.421429334525448e-09,-3.0198554098259264e-09,-4.3612457848447e-09,-1.4132600905989639e-09,-3.0170811983613904e-09,-4.355644297471893e-09,-4.353458953235078e-09,-1.410799505279314e-09,-1.413257965763145e-09,-1.4107995052794738e-09,-4.307763057465018e-09,-4.37336725763226e-09,-1.4168238679244599e-09,-3.0254005019805893e-09,-3.0326533040846333e-09,-3.032817601378823e-09,-3.0183331288198576e-09,-4.352092428094e-09,-3.0267011869001246e-09,-3.0449164971891724e-09,-4.29847687482647e-09,-4.297798190044081e-09,-3.0282270334072026e-09,-3.028679598544112e-09,-1.4115331619233612e-09,-4.351943982739089e-09,-1.4153900726434198e-09,-1.4240689477986417e-09,-3.0432858489960398e-09,-1.4129316118848432e-09,-1.405769399016403e-09,-3.0432943483395105e-09,-1.4216147367118051e-09,-1.4057693990169868e-09
-2.9606969181091213e-21,-6.855894958277038e-21,-2.9527928598638656e-21,-3.646975021275438e-21,-3.646975021275438e-21,-6.856510133932225e-21,-7.300710786313618e-21,-1.409926462717863e-09,-3.94328743443428e-21,-7.317329061485432e-21,-7.317325051696305e-21,-1.4099653052666608e-09,-7.45386392361982e-21,-4.2671147799396385e-21,-7.454232085946025e-21,-1.4110641947153267e-09,-1.4109464117264654e-09,-1.412424866198226e-09,-1.4123766816485204e-09,-5.241611142475808e-21,-5.035634539280795e-21,-5.23362237920415e-21,-7.16583627782667e-21,-1.4132600905989558e-09,-5.066614623133923e-21,-6.740405893177596e-21,-1.413786384555287e-09,-1.4139041675441481e-09,-5.048516496560269e-21,-5.06656108808397e-21,-5.048448854202603e-21,-1.414275164372893e-09,-1.4117883213078432e-09,-5.07581075201419e-21,-7.567678151440394e-21,-7.576439965099211e-21,-7.576926663122039e-21,-6.819817435264107e-21,-1.4149574561957644e-09,-6.969569038542112e-21,-7.004006678693537e-21,-1.4149969264156808e-09,-1.4159687639422961e-09,-6.752232296636932e-21,-6.968531112712878e-21,-6.137341190463896e-21,-1.4158891958311143e-09,-6.145895086385926e-21,-6.165047099180492e-21,-6.913298586597555e-21,-6.24583170945351e-21,-6.108829208722775e-21,-6.913327228383225e-21,-6.265010596565363e-21,-6.10845333666089e-21
-1.0063124106009655e-21,3.782857379612948e-21,-1.009649688156838e-21,-3.1108808902938026e-21,-3.1108808902938026e-21,3.782889626735485e-21,3.469038682512527e-21,-3.0095901458490433e-09,-4.034198035028617e-21,3.459661251344975e-21,3.459669996078639e-21,-3.009678568461387e-09,3.2795921122714953e-21,-4.909161762520799e-21,3.2798740120141736e-21,-3.0121456241234115e-09,-3.011881331562332e-09,-3.0153580964462245e-09,-3.0151583322367344e-09,-7.015556703327498e-21,-6.593751806880808e-21,-7.018724293296414e-21,4.4079159722793295e-21,-3.017081198361387e-09,-6.740405893177497e-21,5.774612169326544e-21,-3.0182141126306916e-09,-3.018478405191772e-09,-6.739656886296233e-21,-6.740328033247508e-21,-6.739472238863847e-21,-3.0191389728449253e-09,-3.0139550379601354e-09,-6.706169610426444e-21,3.542384608052077e-21,3.561469727747243e-21,3.561709667072447e-21,5.743419721519633e-21,-3.0206250899255893e-09,5.603835561299221e-21,5.634064968704574e-21,-3.020713024899997e-09,-3.0226857902369787e-09,5.8296888737222606e-21,5.621958932013425e-21,-9.266669049488539e-21,-3.0225104079261785e-09,-9.263638550163486e-21,-9.258269419864958e-21,5.762560271712212e-21,-9.633252425842999e-21,-9.282423004265145e-21,5.762579115818962e-21,-9.627864120731599e-21,-9.281529025381722e-21
-1.4132111999091864e-09,-2.998589768505094e-09,-1.4095108264087565e-09,-1.4162129044292396e-09,-1.4162129044292396e-09,-2.9987520023310785e-09,-3.0171648396548605e-09,-4.257470891783414e-09,-1.409184704880367e-09,-3.0230724000424893e-09,-3.0230724000424893e-09,-4.256702161532009e-09,-3.007976980144118e-09,-1.4068152569650846e-09,-3.008126460096464e-09,-4.289807252817319e-09,-4.291902678098466e-09,-4.358425424098744e-09,-4.3138196318318185e-09,-1.4256548244296447e-09,-1.4180650200564195e-09,-1.4219587022206393e-09,-3.0209893615110054e-09,-4.355644297471667e-09,-1.4137863845552883e-09,-3.0182141126307172e-09,-4.350038002144453e-09,-4.347851215170835e-09,-1.4113248763601347e-09,-1.4137842589097015e-09,-1.4113248763602408e-09,-4.302136522645249e-09,-4.367777818907273e-09,-1.4173514995938189e-09,-3.0265365406979478e-09,-3.0337920590457527e-09,-3.03395641851748e-09,-3.0194665146104376e-09,-4.346478955194679e-09,-3.027837708805165e-09,-3.046059845343452e-09,-4.292843111517982e-09,-4.292159366765913e-09,-3.029364123001251e-09,-3.0298168649872095e-09,-1.412058815233652e-09,-4.346325856800376e-09,-1.415917171268637e-09,-1.4245992964436236e-09,-3.0444285899573706e-09,-1.4134577884441372e-09,-1.4062928901804765e-09,-3.0444370925399176e-09,-1.4221441649103837e-09,-1.406292890181069e-09
-1.4133290102647826e-09,-2.998852328078333e-09,-1.4096283174075045e-09,-1.4163309474043413e-09,-1.4163309474043413e-09,-2.999014576758017e-09,-3.01742902146457e-09,-4.25528333007946e-09,-1.409302134540749e-09,-3.023337092252509e-09,-3.023337092252509e-09,-4.254514459632282e-09,-3.0082403731698514e-09,-1.4069324768797328e-09,-3.008389866761196e-09,-4.287620347659171e-09,-4.289716174536661e-09,-4.356241799857012e-09,-4.311632300912542e-09,-1.4257736504748284e-09,-1.4181831988671217e-09,-1.422077209313956e-09,-3.021253891188567e-09,-4.3534589532354426e-09,-1.4139041675441798e-09,-3.018478405191768e-09,-4.347851215171751e-09,-4.345664019000684e-09,-1.4114424452788966e-09,-1.4139020416961426e-09,-1.4114424452790567e-09,-4.299944784220412e-09,-4.3655961799597575e-09,-1.4174695940987303e-09,-3.0268015627726352e-09,-3.03405770660008e-09,-3.03422208112796e-09,-3.0197309187891526e-09,-4.344289789215273e-09,-3.028102837656639e-09,-3.04632655117178e-09,-4.2906492444153935e-09,-4.289963737144852e-09,-3.0296293782891826e-09,-3.0300821694012444e-09,-1.4121764576692874e-09,-4.344135047767743e-09,-1.4160351475098548e-09,-1.424718020734293e-09,-3.044695159961835e-09,-1.4135755508177284e-09,-1.4064100306637831e-09,-3.044703663354172e-09,-1.422262675738362e-09,-1.4064100306643952e-09
-2.9472714580326115e-21,-6.853716499373316e-21,-2.93937912652837e-21,-3.631849881073984e-21,-3.631849881073984e-21,-6.854332525268187e-21,-7.298176444331433e-21,-1.407471943781452e-09,-3.927453719036079e-21,-7.314765695471953e-21,-7.314761692793435e-21,-1.407510714848268e-09,-7.451196791280222e-21,-4.2505870212202744e-21,-7.4515658791422e-21,-1.4086076061844758e-09,-1.4084900372656674e-09,-1.4099656930392244e-09,-1.4099176602869741e-09,-5.2232716628146755e-21,-5.0176798102536995e-21,-5.215294819344257e-21,-7.164011930179791e-21,-1.4107995052793495e-09,-5.0485164965602355e-21,-6.739656886296199e-21,-1.4113248763600997e-09,-1.4114424452789082e-09,-5.030428505239993e-21,-5.04846300249374e-21,-5.030361008853534e-21,-1.4118128882946728e-09,-1.4093302873498347e-09,-5.0577294699434854e-21,-7.565154808078026e-21,-7.57390282699613e-21,-7.574390578980305e-21,-6.819029263090495e-21,-1.4124939715019818e-09,-6.968622827312703e-21,-7.003021166998868e-21,-1.4125333704278629e-09,-1.41350358736222e-09,-6.751483216456736e-21,-6.967599791788138e-21,-6.117231158958603e-21,-1.4134241616511623e-09,-6.12577387891041e-21,-6.14489428534047e-21,-6.912439481648114e-21,-6.225432199601214e-21,-6.088726349424101e-21,-6.912468236406452e-21,-6.244579540593965e-21,-6.088351195940822e-21
-2.96064906135992e-21,-6.855814169152506e-21,-2.9527451097249272e-21,-3.646924744994681e-21,-3.646924744994681e-21,-6.85642934114565e-21,-7.300629919428174e-21,-1.4099243436332518e-09,-3.94323639023856e-21,-7.317248006539819e-21,-7.317243996757087e-21,-1.409963186112789e-09,-7.453783434778672e-21,-4.267062969317707e-21,-7.454151593661882e-21,-1.4110620736701406e-09,-1.4109442908837295e-09,-1.4124227424997632e-09,-1.4123745582138387e-09,-5.241557118070336e-21,-5.035581069975554e-21,-5.233568461382193e-21,-7.165756770552304e-21,-1.4132579657631447e-09,-5.06656108808399e-21,-6.740328033247395e-21,-1.4137842589097069e-09,-1.4139020416961175e-09,-5.048463002493904e-21,-5.066507553108595e-21,-5.048395360317402e-21,-1.4142730382266321e-09,-1.4117861986535813e-09,-5.075757182080602e-21,-7.567597831182442e-21,-7.576359441883503e-21,-7.576846136240067e-21,-6.819739685642722e-21,-1.4149553289653589e-09,-6.969491116155139e-21,-7.00392824897857e-21,-1.41499479911868e-09,-1.4159666353854507e-09,-6.752154172109895e-21,-6.9684531541245e-21,-6.1372856387659215e-21,-1.4158870674047938e-09,-6.1458394239723224e-21,-6.164991182667702e-21,-6.913220226925389e-21,-6.2457756767420186e-21,-6.10877375579793e-21,-6.913248868561962e-21,-6.2649543097334216e-21,-6.108397884481899e-21
-2.9472036073209823e-21,-6.853533098146257e-21,-2.939311487567089e-21,-3.631781941428915e-21,-3.631781941428915e-21,-6.854149112087119e-21,-7.297991920214607e-21,-1.4074719437816332e-09,-3.9273862027313134e-21,-7.314580831563421e-21,-7.314576828884904e-21,-1.4075107148484492e-09,-7.451012779882016e-21,-4.2505196569632606e-21,-7.451381856877012e-21,-1.4086076061846574e-09,-1.4084900372658487e-09,-1.4099656930394058e-09,-1.4099176602871555e-09,-5.223203282511424e-21,-5.0176118398455886e-21,-5.215226650428885e-21,-7.16382713145086e-21,-1.4107995052795311e-09,-5.048448854202711e-21,-6.739472238863823e-21,-1.4113248763602813e-09,-1.4114424452790902e-09,-5.0303610088535826e-21,-5.04839536031738e-21,-5.0302935124671225e-21,-1.4118128882948546e-09,-1.4093302873500165e-09,-5.057661611568103e-21,-7.564969649139637e-21,-7.573717255061896e-21,-7.574204994910903e-21,-6.818844532929882e-21,-1.4124939715021636e-09,-6.968437611207903e-21,-7.002834894569654e-21,-1.4125333704280447e-09,-1.4135035873624023e-09,-6.75129792960689e-21,-6.967414447534903e-21,-6.117163588694641e-21,-1.4134241616513443e-09,-6.1257060853046524e-21,-6.1448259988318186e-21,-6.912253287026472e-21,-6.225364551785499e-21,-6.088659122676228e-21,-6.912282041060184e-21,-6.244511399513078e-21,-6.0882839691930324e-21
-1.4136990856536116e-09,-2.9995087498028925e-09,-1.4099975351401736e-09,-1.4167019891069736e-09,-1.4167019891069207e-09,-2.9996710273618064e-09,-3.0180895526061017e-09,-4.2096789176709605e-09,-1.4096716163944567e-09,-3.023998986946362e-09,-3.023998986946363e-09,-4.208908528838048e-09,-3.0088987321681977e-09,-1.407301463316115e-09,-3.0090482528494068e-09,-4.241984454306115e-09,-4.244084799359861e-09,-4.3105734939666706e-09,-4.265956298698146e-09,-1.426147206087767e-09,-1.4185549155657397e-09,-1.4224499078671295e-09,-3.021915126623169e-09,-4.307763057464571e-09,-1.414275164372908e-09,-3.0191389728449464e-09,-4.30213652264577e-09,-4.299944784220074e-09,-1.4118128882946447e-09,-1.4142730382266412e-09,-1.4118128882948043e-09,-4.2542041177141945e-09,-4.319951564820142e-09,-1.4178413780094272e-09,-3.0274639441702025e-09,-3.0347217768165103e-09,-3.0348861805218484e-09,-3.020391740587286e-09,-4.298536542061161e-09,-3.028765577118328e-09,-3.0469934697174136e-09,-4.244882206203502e-09,-4.244165535905421e-09,-3.0302925257701145e-09,-3.030745318933411e-09,-1.4125469666589124e-09,-4.2983521063436394e-09,-1.416406542438356e-09,-1.4250914407829687e-09,-3.045361649661172e-09,-1.4139463922314344e-09,-1.4067792475700053e-09,-3.0453701542464523e-09,-1.422635542868638e-09,-1.4067792475706666e-09
-1.4112139875339332e-09,-2.9943583788716374e-09,-1.4075188380754614e-09,-1.4142114410271453e-09,-1.4142114410271453e-09,-2.994520384092241e-09,-3.0129072361186777e-09,-4.275274067188861e-09,-1.4071931602073097e-09,-3.018806456724314e-09,-3.018806456724314e-09,-4.274507108599084e-09,-3.003732349768033e-09,-1.4048270547354757e-09,-3.0038816190628837e-09,-4.307584695913351e-09,-4.309675102293229e-09,-4.376130682027946e-09,-4.331586512286268e-09,-1.4236400152506647e-09,-1.4160609297978722e-09,-1.4199491111010219e-09,-3.016726367643085e-09,-4.373367257631658e-09,-1.4117883213078366e-09,-3.0139550379600924e-09,-4.367777818907327e-09,-4.365596179959166e-09,-1.4093302873498254e-09,-1.4117861986535677e-09,-1.4093302873499854e-09,-4.3199515648199244e-09,-4.385458876602029e-09,-1.415348405190512e-09,-3.022265722428506e-09,-3.0295109973671347e-09,-3.0296751252421632e-09,-3.0152056736289856e-09,-4.364243084351109e-09,-3.0235650508132834e-09,-3.041761464241632e-09,-4.310683649446283e-09,-4.310016721139404e-09,-3.0250893074043994e-09,-3.0255414152984985e-09,-1.4100631952104534e-09,-4.364105365702125e-09,-1.4139161045806427e-09,-1.4225859720406198e-09,-3.0401325143000597e-09,-1.4114601930024655e-09,-1.4043054080791999e-09,-3.0401410049172915e-09,-1.4201343057710061e-09,-1.4043054080798308e-09
-2.9630041316970826e-21,-6.824140607628096e-21,-2.9551267197026904e-21,-3.651778792233857e-21,-3.651778792233857e-21,-6.8247527401458e-21,-7.269195214132227e-21,-1.4134814110267942e-09,-3.9492279723080714e-21,-7.28578667600403e-21,-7.285782655895191e-21,-1.4135203577350875e-09,-7.42262830005881e-21,-4.2741070414860654e-21,-7.422993463798156e-21,-1.414622154988242e-09,-1.4145040604832703e-09,-1.4159866050842577e-09,-1.4159381895997252e-09,-5.251016435285313e-21,-5.0445707858028045e-21,-5.243053999302944e-21,-7.133178461308255e-21,-1.4168238679244127e-09,-5.0758107520140964e-21,-6.706169610426475e-21,-1.4173514995937928e-09,-1.4174695940987648e-09,-5.057729469943497e-21,-5.075757182080414e-21,-5.057661611567928e-21,-1.4178413780094253e-09,-1.4153484051904593e-09,-5.084937206684387e-21,-7.535974119357936e-21,-7.54467044766049e-21,-7.5451537947914e-21,-6.78560871124023e-21,-1.4185254237021394e-09,-6.935475537335507e-21,-6.969755542510453e-21,-1.4185649976003634e-09,-1.4195391706468747e-09,-6.717862509566033e-21,-6.934392983686437e-21,-6.1494995761929195e-21,-1.4194593956602656e-09,-6.158024287383419e-21,-6.177119614729346e-21,-6.87889092917614e-21,-6.258409027721603e-21,-6.121049571170633e-21,-6.878919316955794e-21,-6.277531092758359e-21,-6.1206726478898414e-21
-1.82043381480266e-21,1.5602529339668918e-21,-1.8212136896970004e-21,-3.931850533503232e-21,-3.931850533503232e-21,1.5601381061739637e-21,1.2319381921558958e-21,-3.017888771688687e-09,-4.8525789468448005e-21,1.2184144607224528e-21,1.2184232295796465e-21,-3.017977438440074e-09,1.0481836257023083e-21,-5.7281081838733166e-21,1.048332609277596e-21,-3.0204513038638527e-09,-3.0201862817891425e-09,-3.0236726522972545e-09,-3.0234723315774193e-09,-7.852580866581585e-21,-7.424664227523364e-21,-7.853195082190026e-21,2.1700647343625578e-21,-3.025400501980583e-09,-7.567678151440358e-21,3.542384608052083e-21,-3.0265365406979676e-09,-3.026801562772678e-09,-7.565154808078039e-21,-7.567597831182545e-21,-7.56496964913966e-21,-3.027463944170195e-09,-3.0222657224284618e-09,-7.535974119357944e-21,1.2977416380902068e-21,1.3118752795979083e-21,1.3119664650226634e-21,3.5101015961263655e-21,-3.0289541608033986e-09,3.3642443917694227e-21,3.381742102033164e-21,-3.029042338465063e-09,-3.031020537531359e-09,3.589862821903278e-21,3.380851941390322e-21,-1.0100069971998532e-20,-3.0308446712977576e-09,-1.0099740405070874e-20,-1.0100327590646419e-20,3.511518143079244e-21,-1.0468610370328509e-20,-1.0111694606779493e-20,3.51152805274677e-21,-1.0469182819275802e-20,-1.0110798157471097e-20
-1.8163769622247844e-21,1.5757569683474001e-21,-1.817175386429572e-21,-3.932337160439907e-21,-3.932337160439907e-21,1.5756422018259226e-21,1.2463278302968307e-21,-3.02512385317641e-09,-4.855110502890411e-21,1.2328030128230758e-21,1.2328118025602835e-21,-3.025212728267504e-09,1.0619470701280711e-21,-5.732618052946418e-21,1.0620968552117011e-21,-3.027692431347057e-09,-3.027426783792784e-09,-3.0309212661965807e-09,-3.030720539617761e-09,-7.86199890661924e-21,-7.433109080450353e-21,-7.862631230741956e-21,2.1862361323752003e-21,-3.0326533040846734e-09,-7.576439965099206e-21,3.561469727747285e-21,-3.033792059045786e-09,-3.03405770660006e-09,-7.573902826996202e-21,-7.576359441883632e-21,-7.573717255061962e-21,-3.0347217768165298e-09,-3.0295109973671587e-09,-7.544670447660582e-21,1.3118752795979113e-21,1.3260769545226108e-21,1.3261687637549082e-21,3.529013868231087e-21,-3.0362155432825083e-09,3.3827414798719546e-21,3.400359821858164e-21,-3.0363039295141024e-09,-3.038286949171381e-09,3.6090970912926036e-21,3.399393616719234e-21,-1.0114733610424871e-20,-3.038110665567701e-09,-1.0114386068858372e-20,-1.0114934570325669e-20,3.530482543823695e-21,-1.0484041707616261e-20,-1.0126377251998837e-20,3.530492486069646e-21,-1.0484575460770528e-20,-1.0125478723897812e-20
-1.816489680618262e-21,1.5758059694012718e-21,-1.817288111686308e-21,-3.932597678972084e-21,-3.932597678972084e-21,1.575691193406306e-21,1.2463858691452661e-21,-3.0252877231938806e-09,-4.855433795917605e-21,1.2328599253311562e-21,1.2328687155540999e-21,-3.0253766033843697e-09,1.0620047945330858e-21,-5.7329975354969636e-21,1.0621545772417856e-21,-3.027856447068678e-09,-3.0275907844582533e-09,-3.0310854727575038e-09,-3.030884730292059e-09,-7.8625000128888e-21,-7.433585891803472e-21,-7.863132337828945e-21,2.18637711271753e-21,-3.0328176013788562e-09,-7.576926663122099e-21,3.561709667072466e-21,-3.0339564185175065e-09,-3.034222081127932e-09,-7.57439057898034e-21,-7.576846136240168e-21,-7.574204994911023e-21,-3.034886180521861e-09,-3.02967512524218e-09,-7.545153794791456e-21,1.3119664650226658e-21,1.3261687637549054e-21,1.3262605700727865e-21,3.5292587333086585e-21,-3.0363800294419423e-09,3.38298522358698e-21,3.400604429840939e-21,-3.0364684206519134e-09,-3.038451542468071e-09,3.609340492875888e-21,3.399638364984218e-21,-1.0115370009568184e-20,-3.0382752490286523e-09,-1.0115022500153497e-20,-1.0115571139655246e-20,3.5307311603170486e-21,-1.0484705481096451e-20,-1.012701643038037e-20,3.53074110248628e-21,-1.0485239369903175e-20,-1.0126117848865038e-20
-1.082373570829285e-21,3.750666398110203e-21,-1.0856237486472469e-21,-3.1882506445821783e-21,-3.188250644582176e-21,3.7507033578265085e-21,3.436545460380015e-21,-3.010838911090324e-09,-4.111888589370197e-21,3.4270274751558e-21,3.427036223546052e-21,-3.010927371228397e-09,3.247310054600304e-21,-4.987237082324741e-21,3.247595905857643e-21,-3.01339546897444e-09,-3.013131064795772e-09,-3.0166093210115148e-09,-3.0164094591999596e-09,-7.09517379318159e-21,-6.672930979388032e-21,-7.098253940520753e-21,4.375994206371332e-21,-3.018333128819851e-09,-6.819817435264048e-21,5.743419721519588e-21,-3.0194665146104314e-09,-3.0197309187890992e-09,-6.819029263090472e-21,-6.819739685642713e-21,-6.818844532929828e-21,-3.0203917405872735e-09,-3.015205673628961e-09,-6.785608711240113e-21,3.5101015961263474e-21,3.5290138682310584e-21,3.529258733308623e-21,5.712239591471155e-21,-3.021878478812331e-09,5.572439759945198e-21,5.6022898929833025e-21,-3.0219664508326662e-09,-3.0239400192864052e-09,5.7982599685423084e-21,5.590571555924929e-21,-9.34703732875111e-21,-3.0237645633635483e-09,-9.344089671654768e-21,-9.338938601757644e-21,5.730918500811694e-21,-9.71383589743525e-21,-9.362710026315544e-21,5.7309379132254274e-21,-9.708665358975766e-21,-9.361815662578921e-21
-1.4143812729820956e-09,-3.00098517070534e-09,-1.4106779112038798e-09,-1.4173855849276865e-09,-1.4173855849276865e-09,-3.0011475296342117e-09,-3.019575109656549e-09,-4.25385704678789e-09,-1.4103517565142522e-09,-3.0254874369140326e-09,-3.0254874369140334e-09,-4.253087494372491e-09,-3.010379801505072e-09,-1.4079804315572667e-09,-3.0105293970514078e-09,-4.286213617155501e-09,-4.288311345695657e-09,-4.354879873866601e-09,-4.310238461640311e-09,-1.426835350432176e-09,-1.4192393627632977e-09,-1.42313624311505e-09,-3.0234025966228558e-09,-4.3520924280936695e-09,-1.414957456195711e-09,-3.0206250899255347e-09,-4.3464789551946936e-09,-4.344289789214707e-09,-1.4124939715020265e-09,-1.4149553289652987e-09,-1.4124939715021332e-09,-4.29853654206113e-09,-4.364243084350899e-09,-1.418525423702197e-09,-3.0289541608034007e-09,-3.036215543282504e-09,-3.0363800294419452e-09,-3.0218784788123127e-09,-4.3429113287997185e-09,-3.0302564179603194e-09,-3.048493239925842e-09,-4.289231956944877e-09,-4.2885429736286295e-09,-3.031784101580474e-09,-3.0322371394647934e-09,-1.4132284325091702e-09,-4.34275362443276e-09,-1.4170898987551644e-09,-1.4257790439613505e-09,-3.0468606328032697e-09,-1.4146285410167442e-09,-1.4074578811504969e-09,-3.0468691417251155e-09,-1.4233219406838562e-09,-1.4074578811510794e-09
-1.2162032527306202e-21,3.6074707571532346e-21,-1.2192269931138438e-21,-3.327952857343108e-21,-3.327952857343108e-21,3.607505909240977e-21,3.291144700609306e-21,-3.0191864358482796e-09,-4.253609024577588e-21,3.2812341242319086e-21,3.2812428967561602e-21,-3.0192751376527747e-09,3.1018896152440467e-21,-5.131176121069052e-21,3.1021741306612864e-21,-3.0217499991209054e-09,-3.021484870269386e-09,-3.0249725609416024e-09,-3.024772208126465e-09,-7.246274062433461e-21,-6.822313332546384e-21,-7.249127160669386e-21,4.232726286383364e-21,-3.0267011869001134e-09,-6.969569038542133e-21,5.603835561299209e-21,-3.0278377088051365e-09,-3.028102837656656e-09,-6.968622827312662e-21,-6.969491116155219e-21,-6.968437611207908e-21,-3.0287655771183176e-09,-3.0235650508132693e-09,-6.935475537335427e-21,3.3642443917694117e-21,3.382741479871947e-21,3.3829852235869654e-21,5.5724397599452e-21,-3.0302564179603025e-09,5.431654740820791e-21,5.46046974687358e-21,-3.0303446314838494e-09,-3.0323237378644015e-09,5.658110211277827e-21,5.449756144910749e-21,-9.503447762891117e-21,-3.0321477990983254e-09,-9.500729252481674e-21,-9.496128370757017e-21,5.589646079777586e-21,-9.871267564070845e-21,-9.518811911716895e-21,5.589665759960676e-21,-9.866647076635022e-21,-9.517915128051963e-21
-1.2178337559282256e-21,3.628051825225071e-21,-1.2208790027736503e-21,-3.3413327404028132e-21,-3.3413327404028132e-21,3.6280864752527405e-21,3.3090596416971707e-21,-3.037357063489565e-09,-4.272198588667115e-21,3.299103519600712e-21,3.299112344652349e-21,-3.0374462911455698e-09,3.118384297881042e-21,-5.1548005048494764e-21,3.1186701279053315e-21,-3.039935871256949e-09,-3.03966916542857e-09,-3.0431773810620843e-09,-3.042975962968694e-09,-7.282419331456083e-21,-6.85594978637135e-21,-7.285292864156464e-21,4.255393784773724e-21,-3.04491649718916e-09,-7.004006678693525e-21,5.6340649687045524e-21,-3.0460598453434294e-09,-3.0463265511718084e-09,-7.003021166998901e-21,-7.003928248978647e-21,-7.002834894569723e-21,-3.046993469717413e-09,-3.041761464241628e-09,-6.969755542510391e-21,3.3817421020331775e-21,3.400359821858151e-21,3.400604429840921e-21,5.602289892983314e-21,-3.048493239925848e-09,5.460469746873592e-21,5.489467364179421e-21,-3.04858197901207e-09,-3.0505731438730045e-09,5.68864796549074e-21,5.4786733940416635e-21,-9.552803369939187e-21,-3.0503961542704127e-09,-9.550065548251687e-21,-9.545427240910359e-21,5.619500069049085e-21,-9.922628586795948e-21,-9.568198730816992e-21,5.61951980946255e-21,-9.917970637851435e-21,-9.567296682860214e-21
-1.4144207486683414e-09,-3.001072529764843e-09,-1.4107172804156495e-09,-1.417425139425815e-09,-1.417425139425815e-09,-3.001234893605445e-09,-3.0196630086653787e-09,-4.200370080311255e-09,-1.4103911068522662e-09,-3.025575506065452e-09,-3.025575506065453e-09,-4.199598960375118e-09,-3.010467437333283e-09,-1.4080197122149506e-09,-3.0106170373918054e-09,-4.232682745861358e-09,-4.2347851729772706e-09,-4.301295416747754e-09,-4.256655756284807e-09,-1.4268751675187466e-09,-1.419278963689761e-09,-1.4231759538603469e-09,-3.0234906107665155e-09,-4.298476874826492e-09,-1.4149969264157002e-09,-3.0207130249000105e-09,-4.292843111518121e-09,-4.290649244415098e-09,-1.4125333704278852e-09,-1.414994799118693e-09,-1.4125333704280443e-09,-4.244882206203698e-09,-4.3106836494462156e-09,-1.4185649976004192e-09,-3.0290423384650876e-09,-3.0363039295140834e-09,-3.036468420651902e-09,-3.0219664508327068e-09,-4.289231956945004e-09,-3.030344631483867e-09,-3.0485819790120766e-09,-4.2355494957079684e-09,-4.234824802918142e-09,-3.031872357510029e-09,-3.032325411295594e-09,-1.413267855462434e-09,-4.289040106028696e-09,-1.4171294329614307e-09,-1.4258188276289638e-09,-3.0469493263698433e-09,-1.4146680039955882e-09,-1.4074971369570414e-09,-3.0469578355580627e-09,-1.4233616532571412e-09,-1.4074971369576285e-09
-1.4153915931994522e-09,-3.003032583852492e-09,-1.4116856692411305e-09,-1.4183981858746664e-09,-1.4183981858746664e-09,-3.0031950485921793e-09,-3.021635237972902e-09,-4.199634990851743e-09,-1.4113595427335552e-09,-3.0275516514476708e-09,-3.0275516514476708e-09,-4.198863260349208e-09,-3.012433536177038e-09,-1.4089866173417213e-09,-3.0125832295755605e-09,-4.231966131783044e-09,-4.2340702585346445e-09,-4.3006206302613826e-09,-4.255951571706809e-09,-1.4278547324426831e-09,-1.4202534298560657e-09,-1.424153065598372e-09,-3.025465236900614e-09,-4.297798190044105e-09,-1.4159687639423369e-09,-3.0226857902369902e-09,-4.292159366766022e-09,-4.289963737144695e-09,-1.4135035873622652e-09,-1.4159666353854838e-09,-1.4135035873623723e-09,-4.244165535905324e-09,-4.3100167211394035e-09,-1.419539170646906e-09,-3.03102053753137e-09,-3.0382869491713393e-09,-3.0384515424680367e-09,-3.0239400192864416e-09,-4.28854297362876e-09,-3.0323237378644126e-09,-3.050573143873048e-09,-4.234824802918118e-09,-4.23409729487916e-09,-3.0338525189403075e-09,-3.034305793384585e-09,-1.4142384786972626e-09,-4.288348762939908e-09,-1.4181026102812579e-09,-1.4267977766703113e-09,-3.0489393692979564e-09,-1.4156395619827505e-09,-1.408463968082381e-09,-3.0489478835255546e-09,-1.4243389854855165e-09,-1.408463968082955e-09
-9.981716561796289e-22,3.832049543324343e-21,-1.0015608768376822e-21,-3.109823661025105e-21,-3.109823661025105e-21,3.832084353055805e-21,3.516730017254718e-21,-3.020708704418825e-09,-4.036368608770562e-21,3.507388509961024e-21,3.507397286804023e-21,-3.0207974478477945e-09,3.326291830660254e-21,-4.914416199103118e-21,3.3265771398113804e-21,-3.0232734888681105e-09,-3.0230082335801788e-09,-3.026497502280193e-09,-3.0262971029463657e-09,-7.028281909094184e-21,-6.6050140701232836e-21,-7.031500680060418e-21,4.458472855627852e-21,-3.0282270334072055e-09,-6.752232296636831e-21,5.829688873722226e-21,-3.0293641230012178e-09,-3.0296293782891495e-09,-6.7514832164567236e-21,-6.7521541721098336e-21,-6.7512979296068904e-21,-3.030292525770108e-09,-3.025089307404395e-09,-6.717862509566025e-21,3.589862821903282e-21,3.609097091292589e-21,3.609340492875899e-21,5.798259968542308e-21,-3.031784101580469e-09,5.6581102112778286e-21,5.688647965490734e-21,-3.0318723575099907e-09,-3.033852518940298e-09,5.8850684063831844e-21,5.676322972598403e-21,-9.28758941200129e-21,-3.033676494580784e-09,-9.284505501499786e-21,-9.279024107379943e-21,5.8176671473520814e-21,-9.65536179970622e-21,-9.303421458058891e-21,5.817686222984702e-21,-9.649861117780271e-21,-9.302524273778992e-21
-1.2111857648551358e-21,3.623910579564817e-21,-1.2142282342109805e-21,-3.3244185761228822e-21,-3.3244185761228822e-21,3.623946603250444e-21,3.307556622844078e-21,-3.021159869590177e-09,-4.2507562888684615e-21,3.2976652498834763e-21,3.2976740281743775e-21,-3.0212486303426864e-09,3.118169425444442e-21,-5.128937980066305e-21,3.1184548766577e-21,-3.0237251308214117e-09,-3.0234598264073843e-09,-3.0269498532166437e-09,-3.026749352389429e-09,-7.24535662617689e-21,-6.821148688402322e-21,-7.248228327160379e-21,4.2498825548113164e-21,-3.028679598544111e-09,-6.968531112712867e-21,5.6219589320134024e-21,-3.0298168649872413e-09,-3.0300821694012696e-09,-6.967599791788168e-21,-6.968453154124673e-21,-6.967414447535064e-21,-3.0307453189334142e-09,-3.0255414152984894e-09,-6.934392983686385e-21,3.380851941390339e-21,3.399393616719224e-21,3.399638364984202e-21,5.590571555924939e-21,-3.0322371394647963e-09,5.449756144910764e-21,5.4786733940416876e-21,-3.0323254112955915e-09,-3.0343057933845978e-09,5.676322972598404e-21,5.467879423903928e-21,-9.504114249698066e-21,-3.034129738644794e-09,-9.501376424491244e-21,-9.496733483308185e-21,5.607917075362206e-21,-9.87219327060828e-21,-9.519522655598375e-21,5.60793681577567e-21,-9.867530680783393e-21,-9.518625269637906e-21
-4.034630928268104e-21,-9.365690982778724e-21,-4.023714704724018e-21,-4.7222029935137756e-21,-4.7222029935137756e-21,-9.366453593458796e-21,-9.825347163207938e-21,-1.4082035093195752e-09,-5.0123547690074404e-21,-9.84678131761874e-21,-9.846777312680943e-21,-1.4082423058483985e-09,-9.97083815836802e-21,-5.333798737099929e-21,-9.97134158067953e-21,-1.409339884297958e-09,-1.409222241862338e-09,-1.4106989738613931e-09,-1.4106508227586244e-09,-6.322155479206484e-21,-6.110371082272478e-21,-6.3111588403185266e-21,-9.693925704935853e-21,-1.4115331619233515e-09,-6.137341190463828e-21,-9.266669049488563e-21,-1.4120588152336096e-09,-1.4121764576692291e-09,-6.117231158958553e-21,-6.137285638765679e-21,-6.117163588694677e-21,-1.4125469666588777e-09,-1.4100631952104178e-09,-6.149499576192781e-21,-1.0100069971998579e-20,-1.0114733610424786e-20,-1.0115370009568089e-20,-9.347037328751246e-21,-1.413228432509162e-09,-9.503447762891195e-21,-9.552803369939231e-21,-1.4132678554624017e-09,-1.4142384786972366e-09,-9.287589412001451e-21,-9.5041142496981e-21,-7.20556783593299e-21,-1.4141590063660237e-09,-7.21727717613027e-21,-7.243472899329763e-21,-9.460980833959783e-21,-7.315090823087026e-21,-7.172313539315668e-21,-9.46101778625739e-21,-7.341317550926501e-21,-7.17193810252087e-21
-1.41531202512337e-09,-3.0028583481284824e-09,-1.4116063141806371e-09,-1.418318456358824e-09,-1.418318456358771e-09,-3.003020803162958e-09,-3.0214599247385998e-09,-4.253653421235801e-09,-1.4112802207034227e-09,-3.027375997900826e-09,-3.027375997900826e-09,-4.252883299269189e-09,-3.0122587500619555e-09,-1.408907433967415e-09,-3.01240843453835e-09,-4.286028082576182e-09,-4.28812739387713e-09,-4.3547348680778e-09,-4.310065305262378e-09,-1.4277744730543729e-09,-1.420173604033771e-09,-1.4240730189645072e-09,-3.025289695860139e-09,-4.3519439827388485e-09,-1.4158891958310944e-09,-3.022510407926138e-09,-4.346325856800203e-09,-4.344135047767153e-09,-1.4134241616511673e-09,-1.4158870674047673e-09,-1.4134241616513271e-09,-4.298352106343243e-09,-4.3641053657019914e-09,-1.4194593956602937e-09,-3.030844671297757e-09,-3.038110665567705e-09,-3.038275249028665e-09,-3.023764563363591e-09,-4.342753624432847e-09,-3.03214779909834e-09,-3.05039615427041e-09,-4.289040106028395e-09,-4.288348762939725e-09,-3.033676494580783e-09,-3.0341297386447885e-09,-1.4141590063660346e-09,-4.342593981622586e-09,-1.4180229154903193e-09,-1.426717582622368e-09,-3.0487624714697707e-09,-1.41556000946145e-09,-1.4083848295320762e-09,-3.0487709851752772e-09,-1.4242589334461488e-09,-1.4083848295326314e-09
-4.0362511405572634e-21,-9.364667838439392e-21,-4.025335587301247e-21,-4.7263076827346584e-21,-4.7263076827346584e-21,-9.365430768113832e-21,-9.824913215139607e-21,-1.4120509619504013e-09,-5.0175528395665005e-21,-9.846363188800053e-21,-9.846359172741592e-21,-1.4120898697787191e-09,-9.970696995396751e-21,-5.340058779384975e-21,-9.971200331800554e-21,-1.4131905637784342e-09,-1.4130725875371854e-09,-1.4145536629093065e-09,-1.414505287025468e-09,-6.3310845277391914e-21,-6.118761492617556e-21,-6.32008833806554e-21,-9.692495350751821e-21,-1.4153900726434208e-09,-6.145895086386008e-21,-9.263638550163462e-21,-1.4159171712685805e-09,-1.4160351475098291e-09,-6.125773878910426e-21,-6.1458394239721434e-21,-6.1257060853047246e-21,-1.4164065424384176e-09,-1.4139161045806731e-09,-6.158024287383283e-21,-1.0099740405070916e-20,-1.0114386068858282e-20,-1.01150225001534e-20,-9.344089671654863e-21,-1.4170898987551549e-09,-9.5007292524817e-21,-9.550065548251793e-21,-1.4171294329614617e-09,-1.418102610281264e-09,-9.284505501499905e-21,-9.501376424491337e-21,-7.217277176130515e-21,-1.4180229154903439e-09,-7.228986515399253e-21,-7.255183359580706e-21,-9.458059744083985e-21,-7.32722507252665e-21,-7.18402287661063e-21,-9.458096696274982e-21,-7.35345292036624e-21,-7.183646325892337e-21
-4.040092261984277e-21,-9.36341987790422e-21,-4.029177123329036e-21,-4.7355850485530446e-21,-4.7355850485530446e-21,-9.364183610844356e-21,-9.825123247919411e-21,-1.420708644266551e-09,-5.029228445433952e-21,-9.846609036000994e-21,-9.846604994962973e-21,-1.4207478012217294e-09,-9.971607860537112e-21,-5.35408280334939e-21,-9.972111045105018e-21,-1.4218554767932834e-09,-1.4217367525025924e-09,-1.4232275244253813e-09,-1.4231786660060071e-09,-6.351090691232888e-21,-6.137558346950013e-21,-6.340094408454013e-21,-9.69061417301057e-21,-1.4240689477986587e-09,-6.1650470991803785e-21,-9.258269419864935e-21,-1.4245992964436143e-09,-1.4247180207343049e-09,-6.144894285340332e-21,-6.16499118266758e-21,-6.144825998831588e-21,-1.4250914407830132e-09,-1.422585972040664e-09,-6.177119614729417e-21,-1.010032759064638e-20,-1.0114934570325609e-20,-1.0115571139655219e-20,-9.33893860175768e-21,-1.4257790439614197e-09,-9.496128370756954e-21,-9.54542724091039e-21,-1.4258188276290172e-09,-1.4267977766703093e-09,-9.279024107379966e-21,-9.496733483308124e-21,-7.243472899330038e-21,-1.4267175826223786e-09,-7.255183359580733e-21,-7.281385119413424e-21,-9.45299463164602e-21,-7.35434316539249e-21,-7.210206421290873e-21,-9.453031587673482e-21,-7.380575937490315e-21,-7.209827385992326e-21
-1.12993737820273e-21,3.755954491997597e-21,-1.1331617218415729e-21,-3.252385968504452e-21,-3.252385968504452e-21,3.7559932911163274e-21,3.438241818918154e-21,-3.035730259475619e-09,-4.1832024494321706e-21,3.4285735858043625e-21,3.428582406230526e-21,-3.035819442347047e-09,3.2473026367046066e-21,-5.0655158329836e-21,3.247592280821674e-21,-3.03830775525846e-09,-3.038041185254013e-09,-3.041547696924848e-09,-3.041346333850891e-09,-7.19105235292606e-21,-6.7652056960744704e-21,-7.194105064108538e-21,4.38451592012454e-21,-3.0432858489960373e-09,-6.913298586597533e-21,5.7625602717121896e-21,-3.044428589957388e-09,-3.0446951599618355e-09,-6.912439481648172e-21,-6.913220226925431e-21,-6.912253287026543e-21,-3.0453616496611786e-09,-3.0401325143000357e-09,-6.878890929176126e-21,3.511518143079262e-21,3.530482543823683e-21,3.530731160317044e-21,5.730918500811753e-21,-3.046860632803284e-09,5.589646079777576e-21,5.61950006904911e-21,-3.0469493263698313e-09,-3.048939369297932e-09,5.817667147352061e-21,5.607917075362199e-21,-9.460980833959757e-21,-3.048762471469793e-09,-9.458059744084e-21,-9.452994631646116e-21,5.749329477263082e-21,-9.830613695199798e-21,-9.476653816889341e-21,5.749349283424331e-21,-9.825528893582936e-21,-9.475752202076297e-21
-4.141500826720671e-21,-9.730313330682696e-21,-4.130185969107415e-21,-4.8299496950664606e-21,-4.8299496950664606e-21,-9.731102987609347e-21,-1.0192442058998201e-20,-1.409598561824489e-09,-5.1196443066525505e-21,-1.0214524340951617e-20,-1.0214520331997382e-20,-1.4096373982400766e-09,-1.0337110757955568e-20,-5.4411454136365196e-21,-1.0337638429447643e-20,-1.410736096018431e-09,-1.4106183336448085e-09,-1.4120966131741512e-09,-1.412048388823998e-09,-6.4322712527699006e-21,-6.2195614385497986e-21,-6.4208767742393974e-21,-1.0061321611137828e-20,-1.4129316118848505e-09,-6.245831709453619e-21,-9.633252425843035e-21,-1.4134577884440946e-09,-1.4135755508177169e-09,-6.225432199601397e-21,-6.245775676741808e-21,-6.225364551785467e-21,-1.4139463922314867e-09,-1.4114601930024384e-09,-6.258409027721662e-21,-1.0468610370328426e-20,-1.0484041707616115e-20,-1.0484705481096352e-20,-9.713835897435446e-21,-1.4146285410166757e-09,-9.871267564070999e-21,-9.92262858679596e-21,-1.4146680039955289e-09,-1.415639561982735e-09,-9.65536179970624e-21,-9.87219327060829e-21,-7.315090823087139e-21,-1.4155600094614356e-09,-7.32722507252652e-21,-7.354343165392436e-21,-9.83061369519982e-21,-7.424897712073937e-21,-7.281163372955391e-21,-9.83065240533992e-21,-7.452047691278586e-21,-7.280787540069788e-21
-4.017033924498388e-21,-9.377933259761233e-21,-4.006119309200994e-21,-4.70064558525087e-21,-4.70064558525087e-21,-9.378698179312177e-21,-9.836887971753871e-21,-1.4024539712975632e-09,-4.989085105247575e-21,-9.8582946390193e-21,-9.85829065074494e-21,-1.4024926001673688e-09,-9.982007031664125e-21,-5.308885169735004e-21,-9.982512953521924e-21,-1.4035854933873363e-09,-1.4034683529040028e-09,-1.4049385164831562e-09,-1.4048907247804292e-09,-6.293144039135724e-21,-6.082201146797215e-21,-6.282149451866501e-21,-9.707163794834712e-21,-1.405769399016396e-09,-6.108829208722917e-21,-9.282423004265133e-21,-1.406292890180454e-09,-1.4064100306637875e-09,-6.088726349424047e-21,-6.1087737557978235e-21,-6.088659122676142e-21,-1.4067792475700764e-09,-1.4043054080792648e-09,-6.121049571170628e-21,-1.0111694606779417e-20,-1.012637725199877e-20,-1.0127016430380343e-20,-9.36271002631567e-21,-1.407457881150474e-09,-9.518811911716966e-21,-9.56819873081697e-21,-1.4074971369570788e-09,-1.4084639680824037e-09,-9.303421458058985e-21,-9.519522655598276e-21,-7.172313539315686e-21,-1.408384829532076e-09,-7.184022876610803e-21,-7.210206421290855e-21,-9.476653816889394e-21,-7.281163372955478e-21,-7.13903820644243e-21,-9.47669102013649e-21,-7.307378057998289e-21,-7.138664456485233e-21
-1.1299437675051541e-21,3.7559595463618006e-21,-1.133168113531157e-21,-3.2524015527768e-21,-3.2524015527768e-21,3.7559983452719684e-21,3.438248616947036e-21,-3.035738735814306e-09,-4.183221885288958e-21,3.428580313368883e-21,3.4285891338206174e-21,-3.035827918962775e-09,3.247309860838995e-21,-5.0655385822536715e-21,3.247599504729105e-21,-3.0383162394394467e-09,-3.038049668625198e-09,-3.041556191718941e-09,-3.0413548275898586e-09,-7.191081672742415e-21,-6.7652337149467505e-21,-7.194134386120429e-21,4.3845285087448485e-21,-3.0432943483395237e-09,-6.913327228383317e-21,5.7625791158189775e-21,-3.0444370925399507e-09,-3.0447036633542e-09,-6.912468236406608e-21,-6.913248868562102e-21,-6.912282041060327e-21,-3.045370154246463e-09,-3.040141004917325e-09,-6.878919316955858e-21,3.511528052746788e-21,3.5304924860696335e-21,3.530741102486279e-21,5.730937913225489e-21,-3.046869141725148e-09,5.5896657599607234e-21,5.619519809462568e-21,-3.046957835558076e-09,-3.048947883525557e-09,5.817686222984719e-21,5.607936815775657e-21,-9.461017786257462e-21,-3.0487709851753174e-09,-9.458096696275099e-21,-9.453031587673676e-21,5.749349283424329e-21,-9.830652405340093e-21,-9.476691020136536e-21,5.7493690895855785e-21,-9.82556760734648e-21,-9.47578940233987e-21
-4.145357476866615e-21,-9.72905319506756e-21,-4.134043033715338e-21,-4.8392472634112314e-21,-4.839247263411039e-21,-9.729843652997028e-21,-1.0192638997097981e-20,-1.4182604823099179e-09,-5.131342057527963e-21,-1.0214757129252485e-20,-1.0214753095305898e-20,-1.4182995679908872e-09,-1.033800830020413e-20,-5.45519325341167e-21,-1.0338535817926627e-20,-1.4194052511237097e-09,-1.4192867402957443e-09,-1.4207747220872085e-09,-1.4207260146739567e-09,-6.452304580471768e-21,-6.2383847817013956e-21,-6.440910008494732e-21,-1.0059424394151134e-20,-1.4216147367117675e-09,-6.26501059656508e-21,-9.627864120731605e-21,-1.4221441649103455e-09,-1.4222626757383106e-09,-6.2445795405941796e-21,-6.264954309733078e-21,-6.244511399513069e-21,-1.4226355428686604e-09,-1.4201343057710097e-09,-6.2775310927585656e-21,-1.046918281927574e-20,-1.0484575460770447e-20,-1.0485239369903133e-20,-9.708665358975785e-21,-1.4233219406838087e-09,-9.866647076635093e-21,-9.917970637851532e-21,-1.4233616532571424e-09,-1.424338985485529e-09,-9.649861117780399e-21,-9.867530680783435e-21,-7.341317550926599e-21,-1.4242589334461686e-09,-7.353452920366278e-21,-7.38057593749022e-21,-9.825528893582986e-21,-7.452047691278709e-21,-7.307378057997956e-21,-9.825567607346431e-21,-7.479202603134808e-21,-7.306999739040914e-21
-4.016657668737044e-21,-9.377045197319626e-21,-4.005744116186535e-21,-4.700268655854678e-21,-4.700268655854678e-21,-9.377810064202276e-21,-9.835994438167375e-21,-1.4024539712981634e-09,-4.988710242485631e-21,-9.857399404829164e-21,-9.857395416554819e-21,-1.4024926001679693e-09,-9.981116107146023e-21,-5.308511024922246e-21,-9.98162198081084e-21,-1.403585493387937e-09,-1.4034683529046034e-09,-1.4049385164837575e-09,-1.4048907247810305e-09,-6.292764624719662e-21,-6.081823856606868e-21,-6.281771098705126e-21,-9.706269035995897e-21,-1.405769399016998e-09,-6.108453336661001e-21,-9.281529025381796e-21,-1.406292890181056e-09,-1.4064100306643894e-09,-6.088351195940963e-21,-6.108397884481999e-21,-6.088283969192864e-21,-1.4067792475706786e-09,-1.404305408079866e-09,-6.120672647889943e-21,-1.0110798157471074e-20,-1.01254787238977e-20,-1.0126117848864955e-20,-9.361815662578953e-21,-1.407457881151076e-09,-9.517915128052017e-21,-9.567296682860164e-21,-1.4074971369576814e-09,-1.4084639680830065e-09,-9.302524273779007e-21,-9.518625269637834e-21,-7.171938102521068e-21,-1.4083848295326788e-09,-7.183646325892522e-21,-7.209827385992661e-21,-9.475752202076246e-21,-7.280787540070002e-21,-7.138664456485365e-21,-9.475789402339822e-21,-7.306999739040901e-21,-7.138290706527973e-21
