1.3631799646775484e-07,-2.666078366905265e-09,1.3631611620795526e-07,1.369950733955633e-07,1.369950733955633e-07,-2.6662152447719915e-09,-2.6818181109403946e-09,3.95281630751983e-09,1.3720516338938089e-07,-2.6856763578383406e-09,-2.6856763578383406e-09,3.952593057662815e-09,-2.677730372566326e-09,1.3734727294059213e-07,-2.6778025308894014e-09,3.956257877645741e-09,3.9568243292026525e-09,3.959672834270551e-09,3.955522404590664e-09,1.3788875504296766e-07,1.37687152155271e-07,1.3789000918825014e-07,-2.6871385180535505e-09,3.963374157034388e-09,1.3829760211295417e-07,-2.686710770437529e-09,3.963232787575385e-09,3.962593247146663e-09,1.3831243153762743e-07,1.3829762779921593e-07,1.3831243153762743e-07,3.960468552064049e-09,3.961492604783936e-09,1.382099852233166e-07,-2.6926668174247765e-09,-2.69690474667471e-09,-2.697043673389162e-09,-2.688011417100161e-09,3.968616333435824e-09,-2.6935117190352484e-09,-2.7055834041711512e-09,3.959253008536661e-09,3.965169809261746e-09,-2.6934019164519135e-09,-2.696171609767294e-09,1.3813924476869204e-07,3.974620974085605e-09,1.3813832674340236e-07,1.381684622641078e-07,-2.7058583692014857e-09,1.3815631625941971e-07,1.3822331275773794e-07,-2.7059128240158076e-09,1.3818640040760172e-07,1.3822328449823662e-07
-2.666078366905252e-09,-9.580663435262928e-08,-2.664550243769697e-09,-2.6756140121912745e-09,-2.675614012191275e-09,-9.580661245629138e-08,-9.630619369768017e-08,4.835682017991231e-09,-2.6754549296765175e-09,-9.634849668195705e-08,-9.634849668195705e-08,4.835595147237961e-09,-9.64485063356561e-08,-2.676355187014369e-09,-9.644495061723903e-08,4.839969171459759e-09,4.840190350695065e-09,4.844806023566735e-09,4.841588163714777e-09,-2.6910219401704807e-09,-2.6855581167484894e-09,-2.6895856408000652e-09,-9.666014082031521e-08,4.8485721900838525e-09,-2.6903791262085643e-09,-9.677798425690355e-08,4.849217321584976e-09,4.848937862631092e-09,-2.689309072546122e-09,-2.6903742406837396e-09,-2.6893090725460614e-09,4.847712539317319e-09,4.8451704067096485e-09,-2.6909379669420536e-09,-9.691647653538229e-08,-9.691737621306111e-08,-9.691735370859771e-08,-9.683486256963259e-08,4.854628612383488e-09,-9.689965372232343e-08,-9.703349190081123e-08,4.847892796519117e-09,4.853388603675024e-09,-9.67880768140247e-08,-9.705556097195463e-08,-2.688967155472426e-09,4.860114809066207e-09,-2.6904339226937044e-09,-2.6941859802636953e-09,-9.716613107888365e-08,-2.689450807399122e-09,-2.6868809136385022e-09,-9.716965084156718e-08,-2.6932126360188085e-09,-2.6868857375873247e-09
1.3631611620795528e-07,-2.664550243769684e-09,1.3631423595003627e-07,1.3699318649740493e-07,1.3699318649740493e-07,-2.6646871221539847e-09,-2.680281489723822e-09,3.9491250044139016e-09,1.3720327419613075e-07,-2.6841388746958443e-09,-2.6841388746958435e-09,3.948901647987955e-09,-2.676191497592374e-09,1.3734538217935994e-07,-2.6762637641460896e-09,3.952563484781354e-09,3.9531302555774606e-09,3.955974610583567e-09,3.95182439362743e-09,1.3788685854662198e-07,1.376852575078966e-07,1.3788811260228747e-07,-2.6855979894302407e-09,3.959673797967715e-09,1.3829570269011712e-07,-2.685167676087682e-09,3.959531043222573e-09,3.958891183695915e-09,1.3831053230303434e-07,1.3829572837544423e-07,1.3831053230303434e-07,3.956765633684911e-09,3.957796084375019e-09,1.3820808644007598e-07,-2.6911233613633605e-09,-2.695361179772151e-09,-2.6955001070308297e-09,-2.6864675664439467e-09,3.964911599357053e-09,-2.691966788617575e-09,-2.7040356772721505e-09,3.955548173024178e-09,3.961462516429906e-09,-2.6918583898912517e-09,-2.6946238870535662e-09,1.3813734532644734e-07,3.970913889463095e-09,1.381364273946198e-07,1.3816656281646625e-07,-2.70430859873511e-09,1.3815441700644884e-07,1.3822141342678083e-07,-2.704362946449015e-09,1.3818450105764118e-07,1.382213851681911e-07
1.369950733955632e-07,-2.675614012191311e-09,1.3699318649740477e-07,1.3767522639104575e-07,1.3767522639104575e-07,-2.6757514934820943e-09,-2.691409460097097e-09,3.9647021806407705e-09,1.378862973841221e-07,-2.6952811035430343e-09,-2.695281103543034e-09,3.964478063407399e-09,-2.6873072368958464e-09,1.3802907125367667e-07,-2.687379782331957e-09,3.96815391817614e-09,3.968722550784938e-09,3.971578260857562e-09,3.96741359372781e-09,1.3857305774647314e-07,1.3837055281988012e-07,1.385743260515913e-07,-2.696751069588969e-09,3.975291504474949e-09,1.389836479826415e-07,-2.696321029427099e-09,3.975148899471937e-09,3.974506931295552e-09,1.3899850917386842e-07,1.3898367381959935e-07,1.3899850917386831e-07,3.972374601065347e-09,3.973405367646136e-09,1.3889565601788237e-07,-2.7023006372178926e-09,-2.7065533689775947e-09,-2.7066929086761973e-09,-2.6976266573835226e-09,3.980549852863806e-09,-2.7031463815140757e-09,-2.7152602510216016e-09,3.9711537350988515e-09,3.977090118191724e-09,-2.7030356342345935e-09,-2.7058154053205947e-09,1.3882473756987482e-07,3.986574466686782e-09,1.3882380690757556e-07,1.3885405795457278e-07,-2.715536349376156e-09,1.3884184913903707e-07,1.389090893243571e-07,-2.7155909632200932e-09,1.3887204851211833e-07,1.3890906090304554e-07
1.369950733955632e-07,-2.6756140121913118e-09,1.3699318649740477e-07,1.3767522639104575e-07,1.3767522639104575e-07,-2.675751493482095e-09,-2.6914094600970978e-09,3.9647021806407705e-09,1.378862973841221e-07,-2.695281103543035e-09,-2.6952811035430348e-09,3.964478063407399e-09,-2.6873072368958476e-09,1.3802907125367667e-07,-2.687379782331958e-09,3.96815391817614e-09,3.968722550784938e-09,3.971578260857562e-09,3.96741359372781e-09,1.3857305774647314e-07,1.3837055281988012e-07,1.385743260515913e-07,-2.6967510695889696e-09,3.975291504474949e-09,1.389836479826415e-07,-2.6963210294271004e-09,3.975148899471937e-09,3.974506931295552e-09,1.3899850917386842e-07,1.3898367381959935e-07,1.3899850917386831e-07,3.972374601065347e-09,3.973405367646136e-09,1.3889565601788237e-07,-2.702300637217894e-09,-2.7065533689775955e-09,-2.706692908676198e-09,-2.6976266573835234e-09,3.980549852863806e-09,-2.703146381514077e-09,-2.715260251021603e-09,3.9711537350988515e-09,3.977090118191724e-09,-2.7030356342345944e-09,-2.705815405320596e-09,1.3882473756987482e-07,3.986574466686782e-09,1.3882380690757556e-07,1.3885405795457278e-07,-2.7155363493761573e-09,1.3884184913903707e-07,1.389090893243571e-07,-2.7155909632200945e-09,1.3887204851211833e-07,1.3890906090304554e-07
-2.6662152447719866e-09,-9.580661245629138e-08,-2.664687122154007e-09,-2.6757514934820666e-09,-2.675751493482067e-09,-9.580659056770125e-08,-9.630617159680046e-08,4.835845132162244e-09,-2.675592610159136e-09,-9.634847454477556e-08,-9.634847454477556e-08,4.835758266600159e-09,-9.644848415722481e-08,-2.676492999824121e-09,-9.644492844982851e-08,4.840132432105579e-09,4.840353596604817e-09,4.84496947653321e-09,4.841751598020447e-09,-2.6911602344097148e-09,-2.68569624230094e-09,-2.6897239414805283e-09,-9.666011895716267e-08,4.8487357336749845e-09,-2.6905177664607213e-09,-9.677796220454043e-08,4.849380926263343e-09,4.849101481904267e-09,-2.6894477181096746e-09,-2.6905128797790212e-09,-2.6894477181096138e-09,4.8478761847419414e-09,4.845333782880713e-09,-2.6910765333225333e-09,-9.69164548325475e-08,-9.691735450511903e-08,-9.691733200842654e-08,-9.683484054319105e-08,4.854792343612917e-09,-9.689963168288922e-08,-9.703346974951702e-08,4.848056527619564e-09,4.853552437288234e-09,-9.678805474173672e-08,-9.7055538824012e-08,-2.6891057027782076e-09,4.86027863778042e-09,-2.6905724623747304e-09,-2.6943245316330274e-09,-9.716610888992022e-08,-2.689589357158323e-09,-2.6870195109827884e-09,-9.716962864538185e-08,-2.6933511997800642e-09,-2.687024336115137e-09
-2.6818181109403912e-09,-9.630619369768012e-08,-2.68028148972382e-09,-2.6914094600970907e-09,-2.691409460097091e-09,-9.630617159680042e-08,-9.680834631475374e-08,4.8644540762016835e-09,-2.691250505344812e-09,-9.685086594908872e-08,-9.685086594908872e-08,4.864366772108835e-09,-9.695140135662005e-08,-2.6921564494971627e-09,-9.69478281258634e-08,4.868766597625555e-09,4.868988845551338e-09,4.873632201766893e-09,4.8703963911214905e-09,-2.706907226461936e-09,-2.701412290256683e-09,-2.705462992134473e-09,-9.716417667188916e-08,4.8774204100942145e-09,-2.7062616783915123e-09,-9.728261966420527e-08,4.878069841445057e-09,4.877788991972937e-09,-2.7051854919035645e-09,-2.706256768143279e-09,-2.7051854919035306e-09,4.876557352679283e-09,4.8739977378653155e-09,-2.7068234319788056e-09,-9.742187405494724e-08,-9.742277647131439e-08,-9.74227537584923e-08,-9.733979771901504e-08,4.883512763411341e-09,-9.740492580222944e-08,-9.753944758538001e-08,4.876739594784758e-09,4.882267231682916e-09,-9.729275901100182e-08,-9.75616393974371e-08,-2.704842281290824e-09,4.889030686811353e-09,-2.7063171751529438e-09,-2.7100901041959524e-09,-9.767277991721881e-08,-2.7053284654341295e-09,-2.7027441504769873e-09,-9.767631692125732e-08,-2.7091112149735866e-09,-2.7027489983096743e-09
3.952816307519809e-09,4.835682017991223e-09,3.949125004413904e-09,3.964702180640751e-09,3.964702180640751e-09,4.835845132162228e-09,4.864454076201733e-09,4.165391230302802e-09,3.960787693132571e-09,4.87138020440902e-09,4.87138020440902e-09,4.164622367593676e-09,4.858008484883076e-09,3.9605339749436514e-09,4.858029138557159e-09,4.197569417861394e-09,4.199665867007392e-09,4.2659110393287924e-09,4.221435563565307e-09,3.987020365420374e-09,3.976980863450875e-09,3.98345895675787e-09,4.873037654830344e-09,4.263091455766345e-09,3.979056994965195e-09,4.873344529279862e-09,4.2574708917687175e-09,4.2552833300636296e-09,3.976333441382821e-09,3.979056239118877e-09,3.976333441382981e-09,4.209678917655851e-09,4.275274067176354e-09,3.981763703837733e-09,4.882140088913318e-09,4.889506279628471e-09,4.889671512884252e-09,4.875513785590232e-09,4.253857046772779e-09,4.885164223193078e-09,4.9066973406464625e-09,4.200370080296253e-09,4.199634990836348e-09,4.884980708568009e-09,4.890498783508978e-09,3.977426741773153e-09,4.253653421220297e-09,3.981149901368343e-09,3.989930513481913e-09,4.907538436903977e-09,3.978555486109214e-09,3.971492928230816e-09,4.907675295993477e-09,3.987337609915416e-09,3.971491564993069e-09
1.3720516338938086e-07,-2.6754549296764923e-09,1.372032741961306e-07,1.3788629738412215e-07,1.3788629738412215e-07,-2.6755926101591273e-09,-2.691250505344812e-09,3.9607876931325696e-09,1.3809767863570206e-07,-2.6951248768158848e-09,-2.695124876815884e-09,3.960563044430299e-09,-2.687138169003998e-09,1.3824066248550366e-07,-2.6872110810846155e-09,3.964236264699337e-09,3.964806349242279e-09,3.967655597564592e-09,3.9634864119634925e-09,1.3878544308186671e-07,1.385826491256601e-07,1.3878671507151714e-07,-2.6965902999336086e-09,3.971368318763086e-09,1.39196600870892e-07,-2.6961537842237756e-09,3.971222263334577e-09,3.970578756918395e-09,1.3921147579272846e-07,1.3919662674594565e-07,1.3921147579272857e-07,3.968441867718361e-09,3.969488963879221e-09,1.3910848694377255e-07,-2.7021403932595236e-09,-2.70639802859774e-09,-2.7065377706854935e-09,-2.6974593828577626e-09,3.976622733425032e-09,-2.7029834054247278e-09,-2.7151056607713607e-09,3.9672149746195725e-09,3.9731527894197e-09,-2.702875578387876e-09,-2.7056493277011983e-09,1.390374972505046e-07,3.982649145592456e-09,1.3903656341480824e-07,1.3906685340389618e-07,-2.7153775144101362e-09,1.3905462539459963e-07,1.3912194948198601e-07,-2.715431946062297e-09,1.3908486363358002e-07,1.391219210188256e-07
-2.6856763578383137e-09,-9.6348496681957e-08,-2.684138874695845e-09,-2.6952811035430385e-09,-2.695281103543039e-09,-9.634847454477552e-08,-9.685086594908876e-08,4.871380204409004e-09,-2.6951248768159195e-09,-9.68934028998802e-08,-9.68934028998802e-08,4.871292971306412e-09,-9.69939840008609e-08,-2.696033250591355e-09,-9.699040956151554e-08,4.875698634776262e-09,4.8759206445653444e-09,4.8805712731073225e-09,4.877333433001693e-09,-2.7107993012919696e-09,-2.705299061998813e-09,-2.709354375211139e-09,-9.720686540115272e-08,4.884364040399019e-09,-2.7101567483367783e-09,-9.732535540235568e-08,4.885015414427576e-09,4.884734770784507e-09,-2.709079675958105e-09,-2.7101518382242415e-09,-2.7090796759580437e-09,4.883503444762313e-09,4.8809350746872575e-09,-2.7107180771662166e-09,-9.746468450176602e-08,-9.746558661864262e-08,-9.74655638690859e-08,-9.738255964948019e-08,4.890464797923476e-09,-9.744771600837924e-08,-9.758229198114935e-08,4.883687972284326e-09,4.889221512361188e-09,-9.733549717950012e-08,-9.760449621605603e-08,-2.7087368072333625e-09,4.895988498804884e-09,-2.710212414626895e-09,-2.713987558203667e-09,-9.771568342892462e-08,-2.7092229893257504e-09,-2.706637233399296e-09,-9.771922160651265e-08,-2.7130079531274914e-09,-2.7066420809579e-09
-2.6856763578383137e-09,-9.6348496681957e-08,-2.684138874695845e-09,-2.6952811035430377e-09,-2.6952811035430385e-09,-9.634847454477552e-08,-9.685086594908876e-08,4.871380204409005e-09,-2.6951248768159195e-09,-9.68934028998802e-08,-9.68934028998802e-08,4.871292971306412e-09,-9.69939840008609e-08,-2.6960332505913548e-09,-9.699040956151554e-08,4.875698634776263e-09,4.8759206445653444e-09,4.880571273107324e-09,4.877333433001694e-09,-2.7107993012919692e-09,-2.7052990619988126e-09,-2.709354375211139e-09,-9.720686540115272e-08,4.884364040399021e-09,-2.710156748336778e-09,-9.732535540235568e-08,4.885015414427577e-09,4.884734770784509e-09,-2.709079675958105e-09,-2.7101518382242415e-09,-2.7090796759580437e-09,4.883503444762314e-09,4.880935074687258e-09,-2.7107180771662166e-09,-9.746468450176602e-08,-9.746558661864262e-08,-9.74655638690859e-08,-9.738255964948019e-08,4.890464797923477e-09,-9.744771600837924e-08,-9.758229198114935e-08,4.883687972284327e-09,4.88922151236119e-09,-9.733549717950012e-08,-9.760449621605603e-08,-2.708736807233362e-09,4.895988498804884e-09,-2.7102124146268944e-09,-2.713987558203667e-09,-9.771568342892462e-08,-2.70922298932575e-09,-2.7066372333992958e-09,-9.771922160651265e-08,-2.7130079531274914e-09,-2.7066420809579e-09
3.952593057662785e-09,4.835595147237915e-09,3.948901647987946e-09,3.964478063407395e-09,3.964478063407395e-09,4.835758266600107e-09,4.864366772108756e-09,4.16462236759357e-09,3.960563044430337e-09,4.87129297130637e-09,4.871292971306372e-09,4.163853456808458e-09,4.8579206580438284e-09,3.960309034465638e-09,4.857941328843869e-09,4.196800736287282e-09,4.198897323122485e-09,4.265143399392253e-09,4.220666694076057e-09,3.986795151747496e-09,3.976755696526514e-09,3.9832336238210505e-09,4.872950035479996e-09,4.2623232215269304e-09,3.978831003581597e-09,4.8732565300727045e-09,4.256702161517263e-09,4.2545144596170555e-09,3.976107402090645e-09,3.978830247827071e-09,3.976107402090752e-09,4.208908528822737e-09,4.274507108586514e-09,3.981537910152359e-09,4.882052309517296e-09,4.889418696382824e-09,4.88958393489905e-09,4.875425738905907e-09,4.253087494357626e-09,4.885076295315866e-09,4.906609616223346e-09,4.19959896036032e-09,4.198863260334127e-09,4.884892980615022e-09,4.89041059202132e-09,3.977200715321106e-09,4.252883299254104e-09,3.9809239992104395e-09,3.989704847295176e-09,4.907450433361789e-09,3.978329523439384e-09,3.971266740028065e-09,4.9075872802169235e-09,3.987111883033285e-09,3.971265376629259e-09
-2.6777303725663045e-09,-9.64485063356561e-08,-2.676191497592379e-09,-2.6873072368958137e-09,-2.6873072368958406e-09,-9.644848415722481e-08,-9.695140135662007e-08,4.858008484883058e-09,-2.6871381690040313e-09,-9.69939840008609e-08,-9.69939840008609e-08,4.857920658043889e-09,-9.709466784831535e-08,-2.6880387118916566e-09,-9.709108926353872e-08,4.862315940020958e-09,4.862539691334608e-09,4.8671745324999635e-09,4.863934775746067e-09,-2.7027865699182904e-09,-2.6972915119127454e-09,-2.701339826240347e-09,-9.730775621228021e-08,4.870960450658327e-09,-2.702127303706821e-09,-9.742637478409355e-08,4.871605736857372e-09,4.871323299295776e-09,-2.7010503029014927e-09,-2.7021223854961673e-09,-2.701050302901432e-09,4.870086732917577e-09,4.867546878370365e-09,-2.7026926713959024e-09,-9.75658334737875e-08,-9.75667373281344e-08,-9.756671453660728e-08,-9.748363716357472e-08,4.877045657578635e-09,-9.754886154201689e-08,-9.768358258417582e-08,4.8702621832698246e-09,4.875788904641804e-09,-9.74365292889877e-08,-9.770580698014792e-08,-2.700705923637049e-09,4.882563046307837e-09,-2.7021833849046533e-09,-2.705961438851875e-09,-9.781711190915282e-08,-2.7011935973131984e-09,-2.6986050602326214e-09,-9.782065417238426e-08,-2.704981487681666e-09,-2.6986099156445786e-09
1.3734727294059237e-07,-2.6763551870143895e-09,1.3734538217936005e-07,1.3802907125367686e-07,1.3802907125367686e-07,-2.6764929998241313e-09,-2.6921564494971503e-09,3.9605339749436704e-09,1.3824066248550398e-07,-2.6960332505913535e-09,-2.6960332505913523e-09,3.960309034465686e-09,-2.6880387118916636e-09,1.3838378847338295e-07,-2.6881117987407303e-09,3.963982407825647e-09,3.96455327282277e-09,3.967400825882295e-09,3.9632284246124064e-09,1.3892910675916302e-07,1.3872611701075636e-07,1.3893038120623454e-07,-2.6974976098765943e-09,3.971114588746204e-09,1.3934064915587863e-07,-2.6970583648976313e-09,3.9709670877784965e-09,3.9703227416834215e-09,1.3935553347381347e-07,1.3934067506056263e-07,1.3935553347381336e-07,3.968183307298487e-09,3.969237344415293e-09,1.3925245258690464e-07,-2.703050004269204e-09,-2.7073110561974507e-09,-2.7074509326852177e-09,-2.698364441965584e-09,3.976369185313022e-09,-2.703892107104887e-09,-2.716021915740426e-09,3.966953560593705e-09,3.9728939595181865e-09,-2.703785339849068e-09,-2.7065577565117204e-09,1.3918141423985196e-07,3.982398360740966e-09,1.3918047827969528e-07,1.392107947362895e-07,-2.716292226434955e-09,1.391985537106181e-07,1.3926593475377456e-07,-2.7163466044515885e-09,1.3922881835784422e-07,1.3926590625851983e-07
-2.677802530889376e-09,-9.64449506172389e-08,-2.6762637641460904e-09,-2.6873797823319468e-09,-2.6873797823319476e-09,-9.644492844982838e-08,-9.694782812586333e-08,4.858029138557124e-09,-2.6872110810845845e-09,-9.699040956151546e-08,-9.699040956151546e-08,4.857941328843946e-09,-9.70910892635387e-08,-2.68811179874074e-09,-9.708751071570609e-08,4.86233660583483e-09,4.862560309564704e-09,4.867195259720231e-09,4.863955697962441e-09,-2.702859491077754e-09,-2.6973645225349555e-09,-2.701412860989373e-09,-9.730416650245032e-08,4.870981117157953e-09,-2.702200831183436e-09,-9.742278199036827e-08,4.8716264933746594e-09,4.8713441073293495e-09,-2.701123902044793e-09,-2.7021959119864157e-09,-2.7011239020447593e-09,4.870107697280264e-09,4.867567411351051e-09,-2.7027660389097618e-09,-9.756223202593172e-08,-9.75631360376241e-08,-9.756311325718919e-08,-9.748004198277285e-08,4.877066318943545e-09,-9.754526405037271e-08,-9.767998142930875e-08,4.870283323760805e-09,4.875809891295e-09,-9.743293666812257e-08,-9.770220427426614e-08,-2.700779442487363e-09,4.882583543690133e-09,-2.7022567865555282e-09,-2.7060345948434254e-09,-9.781350567616664e-08,-2.7012670750033427e-09,-2.6986787791754816e-09,-9.781704790968312e-08,-2.7050547216852e-09,-2.6986836356110972e-09
3.95625787764577e-09,4.839969171459704e-09,3.9525634847813645e-09,3.968153918176074e-09,3.968153918176074e-09,4.840132432105516e-09,4.868766597625509e-09,4.197569417861094e-09,3.964236264699358e-09,4.875698634776205e-09,4.875698634776205e-09,4.196800736287099e-09,4.862315940020892e-09,3.963982407825654e-09,4.862336605834777e-09,4.229798532110663e-09,4.231894251287776e-09,4.298227093364657e-09,4.253712780900231e-09,3.990491228455105e-09,3.980443268658602e-09,3.986926848333091e-09,4.877358154217617e-09,4.295421742036961e-09,3.9825211315013004e-09,4.877665599573871e-09,4.289807252799408e-09,4.28762034764035e-09,3.979795244062843e-09,3.98252037642564e-09,3.979795244062949e-09,4.241984454288116e-09,4.307584695897812e-09,3.985230114511502e-09,4.886468796590392e-09,4.89384115860377e-09,4.894006540294932e-09,4.8798368180759765e-09,4.2862136171374085e-09,4.889495497707673e-09,4.911047024666136e-09,4.23268274584322e-09,4.231966131764682e-09,4.889311572591895e-09,4.89483491826129e-09,3.980889707014067e-09,4.286028082558222e-09,3.984615981812314e-09,3.9934039335399035e-09,4.911889143260885e-09,3.982019351766422e-09,3.974950808762241e-09,4.9120261300329904e-09,3.990808813645398e-09,3.974949442793286e-09
3.9568243292027576e-09,4.840190350695066e-09,3.953130255577487e-09,3.9687225507849e-09,3.9687225507849e-09,4.840353596604757e-09,4.868988845551312e-09,4.1996658670071e-09,3.964806349242425e-09,4.8759206445653444e-09,4.8759206445653444e-09,4.198897323122713e-09,4.8625396913345725e-09,3.964553272822732e-09,4.8625603095646595e-09,4.231894251287832e-09,4.233989576470474e-09,4.300319443938678e-09,4.255808841189324e-09,3.9910625694272425e-09,3.981014586322506e-09,3.987498541848984e-09,4.877581289107846e-09,4.297515758584917e-09,3.983094581293059e-09,4.877889785666145e-09,4.291902678081063e-09,4.2897161745182185e-09,3.9803688389764486e-09,3.983093826537482e-09,3.980368838976555e-09,4.244084799342386e-09,4.309675102278011e-09,3.985803019526451e-09,4.8866923646490805e-09,4.894064135362921e-09,4.894229502115565e-09,4.880061132045883e-09,4.288311345677857e-09,4.889719428098921e-09,4.911270262760967e-09,4.234785172959318e-09,4.234070258516717e-09,4.889534932089119e-09,4.895059557652848e-09,3.981463305358059e-09,4.2881273938593264e-09,3.985189212758851e-09,3.993976449911243e-09,4.912113164599865e-09,3.9825927614596155e-09,3.9755248702908226e-09,4.912250184506934e-09,3.9913815081231485e-09,3.975523504204332e-09
3.9596728342706605e-09,4.844806023566735e-09,3.9559746105836545e-09,3.97157826085761e-09,3.97157826085761e-09,4.8449694765332036e-09,4.873632201766915e-09,4.2659110393289165e-09,3.967655597564633e-09,4.88057127310735e-09,4.88057127310735e-09,4.265143399392282e-09,4.867174532500005e-09,3.96740082588227e-09,4.867195259720226e-09,4.298227093364725e-09,4.30031944393882e-09,4.366792955528082e-09,4.3222288828167405e-09,3.993934738556516e-09,3.983877192957328e-09,3.990366635508985e-09,4.882232581338849e-09,4.364021695288953e-09,3.985954746692659e-09,4.882539854125882e-09,4.35842542408625e-09,4.356241799843946e-09,3.9832260156947745e-09,3.985953993098349e-09,3.983226015694881e-09,4.3105734939542835e-09,4.376130682017763e-09,3.988666885278144e-09,4.891352598872456e-09,4.898732566431188e-09,4.898898143096282e-09,4.884713294516037e-09,4.354879873853656e-09,4.894381850415852e-09,4.915955282141159e-09,4.301295416734909e-09,4.3006206302479665e-09,4.894197824076866e-09,4.8997263841917626e-09,3.984322021440231e-09,4.354734868064816e-09,3.988052207349957e-09,3.996849201900231e-09,4.9167980257637524e-09,3.985452843122919e-09,3.978376776341506e-09,4.916935134008949e-09,3.994251344861765e-09,3.978375406237888e-09
3.9555224045907415e-09,4.841588163714805e-09,3.9518243936274765e-09,3.967413593727818e-09,3.967413593727818e-09,4.841751598020466e-09,4.8703963911215195e-09,4.2214355635657415e-09,3.9634864119634925e-09,4.877333433001707e-09,4.877333433001707e-09,4.22066669407587e-09,4.863934775746099e-09,3.963228424612416e-09,4.863955697962469e-09,4.253712780900147e-09,4.255808841188949e-09,4.322228882816645e-09,4.277669847226434e-09,3.989749039085244e-09,3.979695829790252e-09,3.986180945273645e-09,4.8789885632703335e-09,4.31943219698852e-09,3.981763700756081e-09,4.879290973545433e-09,4.31381963181778e-09,4.311632300898e-09,3.9790355669697684e-09,3.981762944387591e-09,3.979035566969927e-09,4.265956298684435e-09,4.3315865122748045e-09,3.984476959255913e-09,4.888102285559971e-09,4.895481632147539e-09,4.895647189888045e-09,4.8814628044722805e-09,4.3102384616265414e-09,4.891128736474389e-09,4.912695613295234e-09,4.2566557562711225e-09,4.255951571692687e-09,4.890947463113191e-09,4.896467635649974e-09,3.9801308023693e-09,4.3100653052484704e-09,3.983860963420356e-09,3.992657278550528e-09,4.913534376451029e-09,3.981261990142774e-09,3.974186250263186e-09,4.913671274604802e-09,3.9900598180101296e-09,3.9741848831976175e-09
1.3788875504296782e-07,-2.6910219401704977e-09,1.37886858546622e-07,1.385730577464733e-07,1.385730577464733e-07,-2.6911602344097474e-09,-2.7069072264619744e-09,3.987020365420387e-09,1.387854430818667e-07,-2.710799301291963e-09,-2.7107993012919618e-09,3.986795151747578e-09,-2.7027865699183053e-09,1.3892910675916307e-07,-2.702859491077777e-09,3.990491228455174e-09,3.991062569427227e-09,3.993934738556433e-09,3.989749039085259e-09,1.394764565615877e-07,1.3927273005253206e-07,1.394777410919235e-07,-2.7122825518889584e-09,3.997668160441793e-09,1.3988943744059834e-07,-2.711852428557091e-09,3.997525675382671e-09,3.996880636477673e-09,1.3990435365004627e-07,1.3988946346431686e-07,1.3990435365004627e-07,3.994738279439435e-09,3.9957701048426505e-09,1.398009316393214e-07,-2.7178651988117083e-09,-2.722139533634023e-09,-2.722279898952969e-09,-2.713165894687889e-09,4.0029559139980155e-09,-2.718714886783051e-09,-2.730893052932838e-09,3.993512362436898e-09,3.999480437951735e-09,-2.718601511937051e-09,-2.7214003244784856e-09,1.3972972416536981e-07,4.009012626799919e-09,1.3972877931343108e-07,1.3975919346897386e-07,-2.731172958706172e-09,1.3974690257327942e-07,1.3981449222133174e-07,-2.731227937476602e-09,1.3977726468138504e-07,1.398144635981931e-07
1.3768715215527123e-07,-2.685558116748496e-09,1.3768525750789685e-07,1.3837055281988046e-07,1.3837055281988046e-07,-2.685696242300964e-09,-2.701412290256674e-09,3.976980863450925e-09,1.385826491256602e-07,-2.705299061998816e-09,-2.705299061998815e-09,3.976755696526465e-09,-2.697291511912726e-09,1.3872611701075652e-07,-2.6973645225349956e-09,3.980443268658607e-09,3.9810145863225395e-09,3.98387719295728e-09,3.979695829790257e-09,1.3927273005253227e-07,1.390692673311039e-07,1.392740099883539e-07,-2.7067744728125134e-09,3.9876034038867406e-09,1.3968520581115933e-07,-2.706340286715838e-09,3.987458732836626e-09,3.986813785860659e-09,1.3970011458095928e-07,1.3968523178866572e-07,1.3970011458095928e-07,3.984671981021359e-09,3.985713630598163e-09,1.3959680877452356e-07,-2.7123457806894805e-09,-2.716615802140926e-09,-2.7167559961352757e-09,-2.7076509684424386e-09,3.992878676050303e-09,-2.71319257744202e-09,-2.7253538900875158e-09,3.983444042711179e-09,3.9894021904897905e-09,-2.7130820620202393e-09,-2.7158703467532613e-09,1.3952564589956187e-07,3.998925547168986e-09,1.395247052216937e-07,1.3955508662294083e-07,-2.7256297170084693e-09,1.3954281455219627e-07,1.3961033597154032e-07,-2.7256844553633314e-09,1.3957314399843073e-07,1.3961030739768567e-07
1.378900091882503e-07,-2.6895856408000586e-09,1.378881126022875e-07,1.3857432605159135e-07,1.3857432605159135e-07,-2.689723941480512e-09,-2.705462992134485e-09,3.983458956757867e-09,1.3878671507151725e-07,-2.70935437521113e-09,-2.7093543752111553e-09,3.983233623821126e-09,-2.7013398262403565e-09,1.389303812062345e-07,-2.7014128609894122e-09,3.986926848333225e-09,3.987498541849006e-09,3.990366635508943e-09,3.986180945273646e-09,1.3947774109192355e-07,1.392740099883538e-07,1.3947902541855814e-07,-2.710834544334847e-09,3.994098065724279e-09,1.398907336911393e-07,-2.7104017816840857e-09,3.993954164051041e-09,3.99330876909361e-09,1.3990565119245606e-07,1.3989075971381663e-07,1.3990565119245606e-07,3.991165433939636e-09,3.992203824155197e-09,1.3980222541701263e-07,-2.7164144418331225e-09,-2.7206888722801384e-09,-2.72082924415752e-09,-2.7117145325417367e-09,3.999381623960042e-09,-2.717262687846837e-09,-2.7294385866565167e-09,3.989937506566126e-09,3.995903371231531e-09,-2.717150752700318e-09,-2.71994539835273e-09,1.397310124955252e-07,4.005436238764319e-09,1.3973006786619503e-07,1.397604832349746e-07,-2.7297164102559672e-09,1.3974819230278688e-07,1.3981578504229204e-07,-2.7297712823628796e-09,1.3977855562621143e-07,1.398157564200535e-07
-2.687138518053545e-09,-9.666014082031513e-08,-2.6855979894302383e-09,-2.6967510695889548e-09,-2.696751069588955e-09,-9.666011895716265e-08,-9.716417667188908e-08,4.87303765483029e-09,-2.696590299933596e-09,-9.720686540115268e-08,-9.720686540115268e-08,4.872950035480012e-09,-9.730775621228012e-08,-2.697497609876631e-09,-9.73041665024503e-08,4.87735815421762e-09,4.87758128910789e-09,4.8822325813388236e-09,4.8789885632703145e-09,-2.7122825518889166e-09,-2.706774472812518e-09,-2.7108345443348696e-09,-9.75211919070696e-08,4.8860281903909e-09,-2.7116352702058288e-09,-9.764011875431652e-08,4.886677829876282e-09,4.88639593647208e-09,-2.710556842060237e-09,-2.7116303368858324e-09,-2.710556842060177e-09,4.885160051529658e-09,4.882600810303575e-09,-2.712198513426259e-09,-9.777975462071441e-08,-9.778066674623862e-08,-9.77806442710934e-08,-9.76974966612814e-08,4.892131461671937e-09,-9.77628670816942e-08,-9.789792987672728e-08,4.885340772639583e-09,4.890879880657935e-09,-9.765031447765145e-08,-9.792017810066995e-08,-2.7102106438142723e-09,4.897660924415152e-09,-2.7116893118551488e-09,-2.7154719050423236e-09,-9.803174716093632e-08,-2.7106984715874417e-09,-2.708108179109738e-09,-9.803530079787828e-08,-2.714490931414563e-09,-2.7081130515771036e-09
3.9633741570344455e-09,4.848572190083875e-09,3.959673797967752e-09,3.975291504474938e-09,3.975291504474938e-09,4.8487357336749465e-09,4.877420410094221e-09,4.263091455766454e-09,3.9713683187631715e-09,4.884364040398983e-09,4.884364040398983e-09,4.262323221526725e-09,4.870960450658367e-09,3.971114588746239e-09,4.870981117157951e-09,4.295421742037265e-09,4.29751575858447e-09,4.364021695288748e-09,4.319432196988393e-09,3.997668160441758e-09,3.987603403886725e-09,3.994098065724247e-09,4.8860281903908916e-09,4.361245784831156e-09,3.98968582330595e-09,4.886337289909243e-09,4.355644297458453e-09,4.353458953221638e-09,3.986955383903763e-09,3.9896850696030375e-09,3.9869553839039225e-09,4.307763057451504e-09,4.373367257621221e-09,3.992399033947366e-09,4.895155297258655e-09,4.902539598572068e-09,4.902705266999166e-09,4.888512457099737e-09,4.3520924280804925e-09,4.898187280476754e-09,4.919774951691998e-09,4.298476874812987e-09,4.297798190030337e-09,4.898002266128128e-09,4.903536681914306e-09,3.988052131669456e-09,4.35194398272532e-09,3.9917843988451775e-09,4.000586546412026e-09,4.920619479219114e-09,3.9891834698147426e-09,3.982103395370931e-09,4.920756735506177e-09,3.997987124787518e-09,3.982102024238607e-09
1.3829760211295438e-07,-2.690379126208572e-09,1.3829570269011722e-07,1.3898364798264166e-07,1.3898364798264166e-07,-2.6905177664607205e-09,-2.7062616783915198e-09,3.979056994965232e-09,1.39196600870892e-07,-2.710156748336773e-09,-2.710156748336773e-09,3.9788310035816436e-09,-2.702127303706828e-09,1.3934064915587857e-07,-2.7022008311834715e-09,3.982521131501398e-09,3.98309458129302e-09,3.9859547466926454e-09,3.981763700756105e-09,1.3988943744059826e-07,1.3968520581115922e-07,1.398907336911393e-07,-2.711635270205846e-09,3.989685823305938e-09,1.4030335639687067e-07,-2.7111953573079377e-09,3.98953785710051e-09,3.988890608114673e-09,1.4031827509012647e-07,1.403033825197984e-07,1.4031827509012657e-07,3.986742031268969e-09,3.987799427558218e-09,1.4021464803842658e-07,-2.717218963161081e-09,-2.7214993819499214e-09,-2.721640099112029e-09,-2.712508828933615e-09,3.994965133253627e-09,-2.71806292105667e-09,-2.7302504321889745e-09,3.9855069242766e-09,3.991474901290742e-09,-2.71795331332594e-09,-2.720743215480436e-09,1.4014340212485307e-07,4.001022316296589e-09,1.4014244645766579e-07,1.4017291674912714e-07,-2.7305243403501093e-09,1.4016058694722783e-07,1.40228288299249e-07,-2.7305790225934317e-09,1.401910049928338e-07,1.4022825957058873e-07
-2.6867107704375074e-09,-9.677798425690348e-08,-2.685167676087687e-09,-2.6963210294270388e-09,-2.69632102942704e-09,-9.677796220454038e-08,-9.728261966420525e-08,4.873344529279851e-09,-2.6961537842237558e-09,-9.732535540235567e-08,-9.732535540235567e-08,4.8732565300727475e-09,-9.742637478409359e-08,-2.69705836489761e-09,-9.74227819903683e-08,4.877665599573934e-09,4.877889785666148e-09,4.882539854125894e-09,4.8792909735453854e-09,-2.711852428557033e-09,-2.7063402867157938e-09,-2.71040178168409e-09,-9.764011875431648e-08,4.88633728990923e-09,-2.7111953573078992e-09,-9.775917140224391e-08,4.8869850891769385e-09,4.886702050896863e-09,-2.710115460481266e-09,-2.711190419047739e-09,-2.710115460481178e-09,4.885462410069465e-09,4.882912297409952e-09,-2.7117614253903744e-09,-9.789902899672645e-08,-9.789993974168586e-08,-9.789991707549946e-08,-9.781662328881754e-08,4.892441513826769e-09,-9.78820722521448e-08,-9.801728127184989e-08,4.8856393800975405e-09,4.8911825515147365e-09,-9.776937198718243e-08,-9.803956658936122e-08,-2.7097690637036675e-09,4.897975258342115e-09,-2.7112504636187614e-09,-2.7150390476209734e-09,-9.815126371441159e-08,-2.710258076137637e-09,-2.7076629410036124e-09,-9.815482024275765e-08,-2.714056536660164e-09,-2.7076678173831924e-09
3.963232787575395e-09,4.8492173215849595e-09,3.959531043222566e-09,3.975148899471894e-09,3.975148899471894e-09,4.8493809262633186e-09,4.878069841445011e-09,4.257470891768207e-09,3.971222263334689e-09,4.88501541442755e-09,4.88501541442755e-09,4.256702161516803e-09,4.871605736857336e-09,3.970967087778421e-09,4.8716264933746115e-09,4.289807252799354e-09,4.2919026780805005e-09,4.358425424085659e-09,4.313819631817681e-09,3.997525675382637e-09,3.987458732836594e-09,3.993954164051028e-09,4.886677829876279e-09,4.355644297458227e-09,3.989537857100486e-09,4.8869850891769434e-09,4.350038002131116e-09,4.347851215157498e-09,3.986806564364701e-09,3.989537102307272e-09,3.986806564364807e-09,4.302136522631838e-09,4.367777818896337e-09,3.99225262963495e-09,4.8958060974450234e-09,4.9031930809326014e-09,4.903358811256703e-09,4.88916048884047e-09,4.346478955181274e-09,4.898838109319216e-09,4.920431730512422e-09,4.292843111504602e-09,4.292159366752273e-09,4.898654105844842e-09,4.904187379304092e-09,3.987903505741565e-09,4.346325856786711e-09,3.991637250899156e-09,4.000442616099371e-09,4.921275008293399e-09,3.989035436116693e-09,3.9819526523073065e-09,4.921412234311013e-09,3.997842310903423e-09,3.981951281455525e-09
3.962593247146706e-09,4.848937862631069e-09,3.958891183695922e-09,3.974506931295516e-09,3.974506931295516e-09,4.849101481904235e-09,4.877788991972929e-09,4.255283330064254e-09,3.97057875691839e-09,4.884734770784484e-09,4.884734770784484e-09,4.254514459617078e-09,4.871323299295798e-09,3.97032274168346e-09,4.871344107329315e-09,4.287620347641209e-09,4.2897161745186975e-09,4.356241799843928e-09,4.311632300898406e-09,3.996880636477644e-09,3.986813785860602e-09,3.993308769093603e-09,4.886395936472038e-09,4.3534589532220025e-09,3.9888906081147345e-09,4.8867020508968345e-09,4.347851215158415e-09,4.345664018987348e-09,3.986159179393337e-09,3.988889852860178e-09,3.986159179393498e-09,4.2999447842070014e-09,4.365596179948822e-09,3.991605947726895e-09,4.8955236538176395e-09,4.90291122438983e-09,4.903076969511191e-09,4.8888772928950485e-09,4.34428978920187e-09,4.898555255649635e-09,4.920149464351325e-09,4.290649244402015e-09,4.289963737131213e-09,4.898371878005967e-09,4.903903711987595e-09,3.987256098597868e-09,4.344135047754079e-09,3.990990214661605e-09,3.9997962910696e-09,4.920991881204089e-09,3.988388226477684e-09,3.981304791703115e-09,4.921129070154251e-09,3.997195813394913e-09,3.9813034211102474e-09
1.3831243153762775e-07,-2.689309072546149e-09,1.383105323030346e-07,1.3899850917386853e-07,1.3899850917386853e-07,-2.689447718109692e-09,-2.7051854919035575e-09,3.97633344138282e-09,1.3921147579272873e-07,-2.709079675958106e-09,-2.709079675958105e-09,3.976107402090565e-09,-2.70105030290147e-09,1.393555334738134e-07,-2.701123902044833e-09,3.979795244062861e-09,3.98036883897644e-09,3.983226015694679e-09,3.9790355669697635e-09,1.3990435365004643e-07,1.3970011458095918e-07,1.3990565119245596e-07,-2.710556842060242e-09,3.98695538390378e-09,1.4031827509012665e-07,-2.710115460481287e-09,3.986806564364655e-09,3.986159179393377e-09,1.403331892778804e-07,1.403183012203154e-07,1.403331892778803e-07,3.984010331763205e-09,3.985071582418634e-09,1.4022956597745735e-07,-2.716138689992044e-09,-2.7204186003884853e-09,-2.720559323027291e-09,-2.711428457237775e-09,3.9922314294929945e-09,-2.71698141867984e-09,-2.7291661449743674e-09,3.98277414381652e-09,3.988739991359457e-09,-2.716872487810339e-09,-2.7196599003136256e-09,1.4015833767327886e-07,3.998286544811755e-09,1.4015738073408505e-07,1.401878493257116e-07,-2.729438950668941e-09,1.401755178290308e-07,1.4024321346191404e-07,-2.729493564346859e-09,1.4020593416027973e-07,1.4024318472592733e-07
1.3829762779921601e-07,-2.690374240683747e-09,1.3829572837544423e-07,1.389836738195995e-07,1.389836738195995e-07,-2.6905128797790204e-09,-2.7062567681432856e-09,3.97905623911892e-09,1.3919662674594567e-07,-2.7101518382242626e-09,-2.710151838224262e-09,3.978830247827124e-09,-2.702122385496174e-09,1.3934067506056258e-07,-2.7021959119864778e-09,3.982520376425746e-09,3.98309382653745e-09,3.985953993098343e-09,3.981762944387621e-09,1.3988946346431676e-07,1.3968523178866561e-07,1.3989075971381663e-07,-2.7116303368858494e-09,3.989685069603034e-09,1.403033825197984e-07,-2.7111904190477772e-09,3.989537102307302e-09,3.988889852860123e-09,1.403183012203152e-07,1.4030340864271498e-07,1.4031830122031531e-07,3.986741272988407e-09,3.987798675854407e-09,1.4021467414123094e-07,-2.717214012456992e-09,-2.721494433564075e-09,-2.721635149542656e-09,-2.712503886040922e-09,3.9949643783237666e-09,-2.7180579765322357e-09,-2.7302454842866678e-09,3.9855061642393805e-09,3.991474141607409e-09,-2.7179483763814934e-09,-2.720738264032155e-09,1.401434282028673e-07,4.001021561549997e-09,1.4014247253287603e-07,1.4017294283348404e-07,-2.730519384948178e-09,1.401606130295813e-07,1.4022831439825338e-07,-2.730574067047617e-09,1.401910310843564e-07,1.4022828566962746e-07
1.3831243153762775e-07,-2.689309072546092e-09,1.383105323030346e-07,1.3899850917386853e-07,1.3899850917386853e-07,-2.6894477181096353e-09,-2.705185491903501e-09,3.9763334413830006e-09,1.3921147579272873e-07,-2.7090796759580487e-09,-2.709079675958048e-09,3.976107402090745e-09,-2.7010503029014133e-09,1.393555334738134e-07,-2.701123902044776e-09,3.979795244063042e-09,3.9803688389766214e-09,3.9832260156948605e-09,3.979035566969944e-09,1.3990435365004643e-07,1.3970011458095918e-07,1.3990565119245596e-07,-2.7105568420601853e-09,3.986955383903961e-09,1.4031827509012665e-07,-2.7101154604812295e-09,3.986806564364837e-09,3.986159179393559e-09,1.403331892778804e-07,1.403183012203154e-07,1.403331892778803e-07,3.984010331763386e-09,3.985071582418816e-09,1.4022956597745735e-07,-2.716138689991986e-09,-2.7204186003884283e-09,-2.720559323027234e-09,-2.711428457237717e-09,3.992231429493176e-09,-2.716981418679782e-09,-2.7291661449743095e-09,3.982774143816702e-09,3.988739991359638e-09,-2.7168724878102814e-09,-2.7196599003135685e-09,1.4015833767327886e-07,3.9982865448119364e-09,1.4015738073408505e-07,1.401878493257116e-07,-2.729438950668883e-09,1.401755178290308e-07,1.4024321346191404e-07,-2.7294935643468006e-09,1.4020593416027973e-07,1.4024318472592733e-07
3.960468552064065e-09,4.847712539317337e-09,3.956765633684901e-09,3.972374601065357e-09,3.972374601065304e-09,4.847876184741951e-09,4.876557352679278e-09,4.2096789176556825e-09,3.9684418677184525e-09,4.8835034447623195e-09,4.88350344476232e-09,4.2089085288227706e-09,4.870086732917623e-09,3.968183307298445e-09,4.8701076972802735e-09,4.241984454288083e-09,4.244084799341828e-09,4.310573493953512e-09,4.265956298683937e-09,3.994738279439401e-09,3.984671981021365e-09,3.991165433939645e-09,4.885160051529697e-09,4.307763057451056e-09,3.986742031268988e-09,4.885462410069535e-09,4.302136522632359e-09,4.299944784206664e-09,3.984010331763238e-09,3.98674127298842e-09,3.9840103317633975e-09,4.25420411770071e-09,4.319951564809129e-09,3.9894589617102306e-09,4.894285215338901e-09,4.90167434003512e-09,4.901840111606159e-09,4.887636957893333e-09,4.298536542047683e-09,4.897315507729856e-09,4.918910486194446e-09,4.244882206190049e-09,4.244165535891707e-09,4.897134291865996e-09,4.902660967545043e-09,3.985106848423821e-09,4.2983521063299e-09,3.988841971482385e-09,3.997649954682395e-09,4.919749961371421e-09,3.986239586300782e-09,3.979154490524027e-09,4.919887022275257e-09,3.995049086061988e-09,3.97915312265899e-09
3.961492604783961e-09,4.845170406709616e-09,3.957796084375012e-09,3.9734053676460666e-09,3.9734053676460666e-09,4.845333782880674e-09,4.8739977378653295e-09,4.275274067176049e-09,3.9694889638792405e-09,4.8809350746872815e-09,4.8809350746872815e-09,4.274507108586272e-09,4.867546878370366e-09,3.969237344415232e-09,4.867567411351029e-09,4.3075846958977834e-09,4.309675102277661e-09,4.376130682017261e-09,4.3315865122745265e-09,3.995770104842567e-09,3.985713630598109e-09,3.992203824155203e-09,4.882600810303545e-09,4.373367257620619e-09,3.987799427558177e-09,4.882912297409919e-09,4.367777818896392e-09,4.365596179948231e-09,3.985071582418594e-09,3.987798675854359e-09,3.985071582418754e-09,4.319951564808911e-09,4.385458876593495e-09,3.990509082411839e-09,4.891721608758915e-09,4.899098361912591e-09,4.8992638607380735e-09,4.885086022485684e-09,4.36424308434011e-09,4.894751956118261e-09,4.91632019082398e-09,4.3106836494353e-09,4.3100167211281654e-09,4.894565624962299e-09,4.900098770930669e-09,3.986167526092808e-09,4.364105365690869e-09,3.98989581200072e-09,3.998688931972739e-09,4.917166020812316e-09,3.987297454604681e-09,3.980224793680155e-09,4.917303247743734e-09,3.996092077984361e-09,3.980223422730335e-09
1.3820998522331686e-07,-2.6909379669420436e-09,1.3820808644007624e-07,1.3889565601788266e-07,1.3889565601788266e-07,-2.691076533322515e-09,-2.7068234319788457e-09,3.981763703837712e-09,1.391084869437728e-07,-2.710718077166186e-09,-2.710718077166186e-09,3.98153791015236e-09,-2.702692671395881e-09,1.392524525869048e-07,-2.70276603890977e-09,3.9852301145115615e-09,3.985803019526444e-09,3.988666885278048e-09,3.984476959255859e-09,1.398009316393217e-07,1.3959680877452356e-07,1.3980222541701287e-07,-2.7121985134262354e-09,3.992399033947293e-09,1.4021464803842666e-07,-2.7117614253903943e-09,3.9922526296349065e-09,3.9916059477269205e-09,1.402295659774575e-07,1.4021467414123102e-07,1.402295659774575e-07,3.989458961710187e-09,3.990509082411811e-09,1.401259834069388e-07,-2.717782807651177e-09,-2.722061922667038e-09,-2.722202564710394e-09,-2.71307510881977e-09,3.997681336614096e-09,-2.7186283790867156e-09,-2.7308145980542274e-09,3.988226367103917e-09,3.994195009102216e-09,-2.7185175544047797e-09,-2.7213105538294187e-09,1.4005474663870945e-07,4.0037390326209024e-09,1.4005379325049814e-07,1.400842513407812e-07,-2.7310903777387996e-09,1.4007192985326546e-07,1.401396067936246e-07,-2.7311451533791566e-09,1.4010233573793989e-07,1.40139578086444e-07
-2.692666817424803e-09,-9.691647653538218e-08,-2.6911233613633618e-09,-2.702300637217891e-09,-2.7023006372178918e-09,-9.691645483254745e-08,-9.74218740549472e-08,4.882140088913282e-09,-2.702140393259574e-09,-9.746468450176598e-08,-9.746468450176598e-08,4.882052309517311e-09,-9.756583347378747e-08,-2.7030500042692157e-09,-9.756223202593175e-08,4.8864687965904165e-09,4.886692364649081e-09,4.891352598872467e-09,4.888102285559951e-09,-2.717865198811726e-09,-2.7123457806894826e-09,-2.7164144418331105e-09,-9.777975462071445e-08,4.895155297258635e-09,-2.7172189631610945e-09,-9.789902899672645e-08,4.895806097445034e-09,4.895523653817694e-09,-2.716138689992051e-09,-2.7172140124570063e-09,-2.7161386899919903e-09,4.894285215338856e-09,4.8917216087588425e-09,-2.7177828076511954e-09,-9.803894883231732e-08,-9.803986762798987e-08,-9.803984531301477e-08,-9.795655225547621e-08,4.901269915894736e-09,-9.802209801776762e-08,-9.815754992756813e-08,4.894466187668719e-09,4.90001566667425e-09,-9.7909264459071e-08,-9.817984042568073e-08,-2.715790477167577e-09,4.906809724734943e-09,-2.7172719009688488e-09,-2.721061803411394e-09,-9.829171870137032e-08,-2.716279376307425e-09,-2.7136846585897e-09,-9.829528417366639e-08,-2.7200791801581177e-09,-2.713689549486774e-09
-2.6969047466746933e-09,-9.691737621306095e-08,-2.6953611797721357e-09,-2.7065533689776195e-09,-2.7065533689776203e-09,-9.691735450511887e-08,-9.742277647131428e-08,4.889506279628483e-09,-2.7063980285977715e-09,-9.746558661864257e-08,-9.746558661864257e-08,4.889418696382904e-09,-9.756673732813437e-08,-2.707311056197441e-09,-9.75631360376241e-08,4.893841158603829e-09,4.894064135362924e-09,4.898732566431195e-09,4.895481632147537e-09,-2.7221395336339794e-09,-2.7166158021409605e-09,-2.720688872280149e-09,-9.778066674623861e-08,4.902539598572106e-09,-2.7214993819499256e-09,-9.789993974168578e-08,4.903193080932604e-09,4.902911224389805e-09,-2.7204186003884713e-09,-2.721494433564053e-09,-2.720418600388384e-09,4.90167434003512e-09,4.899098361912577e-09,-2.7220619226670452e-09,-9.803986762798991e-08,-9.804078606469048e-08,-9.804076374458291e-08,-9.795746408030671e-08,4.908662977156307e-09,-9.802301027082715e-08,-9.815846096920789e-08,4.901858972804862e-09,4.907413522806499e-09,-9.791017427358258e-08,-9.81807530346205e-08,-2.720070966594268e-09,4.914207653458408e-09,-2.721552296013683e-09,-2.7253426601783185e-09,-9.829263127185728e-08,-2.720559471743994e-09,-2.7179646912603317e-09,-9.829619658717653e-08,-2.724359732680293e-09,-2.717969579855184e-09
-2.6970436733891377e-09,-9.691735370859757e-08,-2.6955001070308053e-09,-2.706692908676214e-09,-2.7066929086762143e-09,-9.691733200842638e-08,-9.74227537584922e-08,4.889671512884254e-09,-2.706537770685516e-09,-9.74655638690859e-08,-9.746556386908591e-08,4.889583934899124e-09,-9.756671453660725e-08,-2.707450932685226e-09,-9.756311325718919e-08,4.894006540294984e-09,4.8942295021155585e-09,4.898898143096281e-09,4.895647189888036e-09,-2.7222798989529165e-09,-2.7167559961353013e-09,-2.7208292441575495e-09,-9.778064427109338e-08,4.902705266999197e-09,-2.721640099112025e-09,-9.789991707549943e-08,4.9033588112566985e-09,4.903076969511159e-09,-2.7205593230272687e-09,-2.7216351495426256e-09,-2.7205593230271823e-09,4.9018401116061515e-09,4.899263860738052e-09,-2.7222025647104207e-09,-9.803984531301481e-08,-9.804076374458291e-08,-9.804074143226939e-08,-9.795744143991198e-08,4.90882883561629e-09,-9.802298761704915e-08,-9.815843820212858e-08,4.9020248312024565e-09,4.907579484976704e-09,-9.7910151587255e-08,-9.818073027086963e-08,-2.720211588997709e-09,4.9143736105990905e-09,-2.7216929106751343e-09,-2.725483286671958e-09,-9.829260846623704e-08,-2.720700096712853e-09,-2.7181053647576966e-09,-9.829617377426294e-08,-2.7245003718483926e-09,-2.718110254562727e-09
-2.688011417100151e-09,-9.683486256963255e-08,-2.6864675664439368e-09,-2.69762665738353e-09,-2.6976266573835305e-09,-9.6834840543191e-08,-9.733979771901501e-08,4.875513785590208e-09,-2.6974593828577726e-09,-9.738255964948015e-08,-9.738255964948015e-08,4.875425738905874e-09,-9.748363716357475e-08,-2.6983644419655703e-09,-9.748004198277293e-08,4.8798368180759865e-09,4.880061132045843e-09,4.884713294516015e-09,4.881462804472226e-09,-2.713165894687889e-09,-2.707650968442442e-09,-2.711714532541719e-09,-9.769749666128147e-08,4.8885124570997235e-09,-2.712508828933648e-09,-9.781662328881765e-08,4.889160488840458e-09,4.888877292895007e-09,-2.7114284572377732e-09,-2.712503886040929e-09,-2.7114284572377124e-09,4.887636957893285e-09,4.885086022485656e-09,-2.7130751088198054e-09,-9.795655225547624e-08,-9.79574640803068e-08,-9.795744143991206e-08,-9.787410809891881e-08,4.894619398792464e-09,-9.79395957857042e-08,-9.807488820687886e-08,4.887813899160262e-09,4.893359629757776e-09,-9.782683150144818e-08,-9.809718445601608e-08,-2.7110815827413627e-09,4.9001557023142545e-09,-2.712563704262538e-09,-2.7163541647137362e-09,-9.820894894593748e-08,-2.71157087831298e-09,-2.708974576399634e-09,-9.821250787153849e-08,-2.715371224549507e-09,-2.7089794575772128e-09
3.968616333435885e-09,4.854628612383475e-09,3.964911599357096e-09,3.980549852863742e-09,3.980549852863742e-09,4.8547923436128946e-09,4.883512763411333e-09,4.253857046772613e-09,3.976622733425059e-09,4.890464797923463e-09,4.890464797923463e-09,4.2530874943572144e-09,4.877045657578618e-09,3.976369185313043e-09,4.877066318943547e-09,4.2862136171374615e-09,4.288311345677617e-09,4.35487987385345e-09,4.3102384616261055e-09,4.002955913997904e-09,3.9928786760502484e-09,3.999381623959964e-09,4.892131461671887e-09,4.352092428080162e-09,3.994965133253525e-09,4.892441513826736e-09,4.346478955181289e-09,4.344289789201303e-09,3.992231429493031e-09,3.994964378323658e-09,3.9922314294931376e-09,4.298536542047652e-09,4.3642430843399e-09,3.997681336614163e-09,4.901269915894748e-09,4.908662977156305e-09,4.908828835616294e-09,4.894619398792465e-09,4.342911328786247e-09,4.904305891962293e-09,4.925919704054616e-09,4.28923195693143e-09,4.2885429736149215e-09,4.904120379108901e-09,4.909662231293318e-09,3.993329426005447e-09,4.342753624419027e-09,3.9970660749722565e-09,4.005878665157299e-09,4.926765664691162e-09,3.994462060047834e-09,3.987373676144295e-09,4.926903107794411e-09,4.003276160092712e-09,3.987372303844332e-09
-2.693511719035264e-09,-9.689965372232343e-08,-2.6919667886175927e-09,-2.7031463815140736e-09,-2.703146381514075e-09,-9.689963168288929e-08,-9.740492580222936e-08,4.885164223193009e-09,-2.702983405424764e-09,-9.744771600837929e-08,-9.744771600837929e-08,4.885076295315886e-09,-9.754886154201695e-08,-2.7038921071049336e-09,-9.754526405037274e-08,4.889495497707707e-09,4.8897194280989045e-09,4.894381850415811e-09,4.891128736474316e-09,-2.7187148867830355e-09,-2.7131925774420657e-09,-2.7172626878468335e-09,-9.776286708169431e-08,4.8981872804767066e-09,-2.7180629210566804e-09,-9.788207225214483e-08,4.8988381093191535e-09,4.898555255649666e-09,-2.7169814186798507e-09,-2.7180579765322456e-09,-2.71698141867979e-09,4.897315507729835e-09,4.894751956118233e-09,-2.7186283790867355e-09,-9.802209801776767e-08,-9.802301027082723e-08,-9.802298761704918e-08,-9.793959578570423e-08,4.904305891962296e-09,-9.800512719839409e-08,-9.814050897121307e-08,4.897495817124439e-09,4.903049580017913e-09,-9.789228680623662e-08,-9.816282078867351e-08,-2.7166347795534397e-09,4.9098500405063554e-09,-2.7181177573943166e-09,-2.721911042301997e-09,-9.827465954593471e-08,-2.717124042103522e-09,-2.7145260570481815e-09,-9.827822076327162e-08,-2.720927216060073e-09,-2.7145309398578504e-09
-2.705583404171158e-09,-9.70334919008112e-08,-2.7040356772721576e-09,-2.715260251021605e-09,-2.7152602510216053e-09,-9.703346974951698e-08,-9.753944758538007e-08,4.906697340646442e-09,-2.7151056607714024e-09,-9.758229198114934e-08,-9.758229198114934e-08,4.906609616223404e-09,-9.768358258417579e-08,-2.71602191574041e-09,-9.767998142930877e-08,4.911047024666147e-09,4.911270262760943e-09,4.9159552821411265e-09,4.912695613295158e-09,-2.7308930529327937e-09,-2.7253538900875336e-09,-2.729438586656544e-09,-9.789792987672728e-08,4.919774951691994e-09,-2.730250432188988e-09,-9.80172812718499e-08,4.920431730512392e-09,4.9201494643513595e-09,-2.72916614497438e-09,-2.730245484286655e-09,-2.729166144974319e-09,4.918910486194409e-09,4.916320190823963e-09,-2.7308145980542258e-09,-9.81575499275682e-08,-9.815846096920793e-08,-9.815843820212862e-08,-9.807488820687881e-08,4.925919704054613e-09,-9.814050897121304e-08,-9.827606003569241e-08,4.919097724086554e-09,4.9246700011275466e-09,-9.802750268280133e-08,-9.829841220464419e-08,-2.7288202844049834e-09,4.931481986360569e-09,-2.7303056021400073e-09,-2.7341060628242907e-09,-9.84103978230961e-08,-2.7293096277750436e-09,-2.7267070508947305e-09,-9.84139625840802e-08,-2.733119984263917e-09,-2.726711936592705e-09
3.95925300853666e-09,4.847892796519082e-09,3.955548173024158e-09,3.9711537350988134e-09,3.9711537350988134e-09,4.8480565276194685e-09,4.8767395947846834e-09,4.2003700802960095e-09,3.967214974619578e-09,4.883687972284315e-09,4.883687972284315e-09,4.199598960359873e-09,4.870262183269813e-09,3.966953560593635e-09,4.870283323760743e-09,4.23268274584336e-09,4.234785172959272e-09,4.3012954167346254e-09,4.2566557562706295e-09,3.993512362436776e-09,3.983444042711073e-09,3.9899375065660385e-09,4.885340772639556e-09,4.298476874813009e-09,3.9855069242766385e-09,4.885639380097511e-09,4.292843111504741e-09,4.290649244401719e-09,3.982774143816514e-09,3.985506164239414e-09,3.982774143816673e-09,4.244882206190245e-09,4.310683649435232e-09,3.988226367103953e-09,4.89446618766869e-09,4.901858972804798e-09,4.902024831202401e-09,4.887813899160249e-09,4.2892319569315575e-09,4.897495817124407e-09,4.919097724086522e-09,4.235549495694547e-09,4.234824802904459e-09,4.897316652757211e-09,4.902839789110554e-09,3.98387082698991e-09,4.2890401060149885e-09,3.987608046701245e-09,3.996420431896874e-09,4.919934515684917e-09,3.985004485570847e-09,3.9779155912671545e-09,4.920071484440727e-09,3.993818390840933e-09,3.977914224007959e-09
3.9651698092617864e-09,4.8533886036749785e-09,3.961462516429923e-09,3.977090118191712e-09,3.977090118191712e-09,4.85355243728818e-09,4.882267231682897e-09,4.199634990836234e-09,3.973152789419653e-09,4.889221512361147e-09,4.889221512361147e-09,4.1988632603337e-09,4.875788904641776e-09,3.972893959518184e-09,4.875809891295013e-09,4.231966131764777e-09,4.234070258516377e-09,4.300620630247995e-09,4.2559515716923695e-09,3.999480437951707e-09,3.9894021904897616e-09,3.995903371231537e-09,4.89087988065794e-09,4.297798190030361e-09,3.991474901290772e-09,4.891182551514752e-09,4.292159366752382e-09,4.289963737131056e-09,3.988739991359485e-09,3.991474141607431e-09,3.988739991359592e-09,4.2441655358916104e-09,4.310016721128165e-09,3.9941950091022386e-09,4.900015666674231e-09,4.907413522806463e-09,4.907579484976675e-09,4.8933596297577845e-09,4.288542973615052e-09,4.903049580017907e-09,4.924670001127598e-09,4.234824802904435e-09,4.2340972948652164e-09,4.902868213819707e-09,4.908401281765932e-09,3.989837699445838e-09,4.288348762925938e-09,3.993577230905692e-09,4.0023956285456e-09,4.925510401057646e-09,3.990971787127666e-09,3.983878358273016e-09,4.925647622030526e-09,3.999791704134263e-09,3.9838769894000775e-09
-2.6934019164518945e-09,-9.678807681402457e-08,-2.6918583898912335e-09,-2.703035634234609e-09,-2.70303563423461e-09,-9.678805474173659e-08,-9.729275901100167e-08,4.884980708567977e-09,-2.7028755783878757e-09,-9.733549717950005e-08,-9.733549717950005e-08,4.884892980615063e-09,-9.743652928898756e-08,-2.7037853398490405e-09,-9.743293666812254e-08,4.889311572591921e-09,4.889534932089084e-09,4.894197824076829e-09,4.890947463113084e-09,-2.7186015119370204e-09,-2.713082062020237e-09,-2.717150752700307e-09,-9.765031447765144e-08,4.8980022661281295e-09,-2.717953313325939e-09,-9.776937198718235e-08,4.898654105844778e-09,4.898371878005931e-09,-2.7168724878103376e-09,-2.7179483763814657e-09,-2.7168724878102508e-09,4.89713429186597e-09,4.894565624962256e-09,-2.7185175544048094e-09,-9.790926445907093e-08,-9.791017427358255e-08,-9.791015158725497e-08,-9.782683150144803e-08,4.904120379108894e-09,-9.789228680623656e-08,-9.80275026828012e-08,4.897316652757218e-09,4.90286821381969e-09,-9.777957067335465e-08,-9.804979421351127e-08,-2.7165268325742192e-09,4.909662214412273e-09,-2.718008355742143e-09,-2.721798279276297e-09,-9.816149988014143e-08,-2.7170153607348886e-09,-2.714419699945687e-09,-9.816505621810755e-08,-2.7208151581579057e-09,-2.714424574940388e-09
-2.6961716097673093e-09,-9.705556097195462e-08,-2.6946238870535815e-09,-2.705815405320607e-09,-2.705815405320608e-09,-9.705553882401199e-08,-9.756163939743716e-08,4.890498783508959e-09,-2.7056493277012487e-09,-9.760449621605602e-08,-9.760449621605602e-08,4.890410592021373e-09,-9.770580698014789e-08,-2.7065577565117138e-09,-9.770220427426617e-08,4.894834918261306e-09,4.895059557652821e-09,4.899726384191791e-09,4.896467635649957e-09,-2.72140032447845e-09,-2.7158703467532865e-09,-2.719945398352738e-09,-9.792017810066999e-08,4.903536681914315e-09,-2.7207432154804586e-09,-9.803956658936123e-08,4.904187379304115e-09,4.903903711987626e-09,-2.7196599003136488e-09,-2.720738264032152e-09,-2.7196599003135875e-09,4.902660967545008e-09,4.9000987709306474e-09,-2.7213105538294245e-09,-9.817984042568079e-08,-9.818075303462053e-08,-9.818073027086966e-08,-9.809718445601603e-08,4.9096622312933134e-09,-9.816282078867354e-08,-9.82984122046442e-08,4.90283978911059e-09,4.908401281765937e-09,-9.80497942135114e-08,-9.832076435914505e-08,-2.7193128408491522e-09,4.915214197055531e-09,-2.7207986196171647e-09,-2.7245986199077614e-09,-9.843277952268882e-08,-2.719803149719298e-09,-2.717200217633977e-09,-9.843634583088875e-08,-2.7236130529064323e-09,-2.7172051068512744e-09
1.3813924476869225e-07,-2.6889671554724243e-09,1.381373453264474e-07,1.388247375698749e-07,1.388247375698749e-07,-2.6891057027781977e-09,-2.7048422812908217e-09,3.977426741773133e-09,1.390374972505045e-07,-2.70873680723338e-09,-2.7087368072333794e-09,3.977200715321106e-09,-2.700705923637041e-09,1.3918141423985173e-07,-2.700779442487398e-09,3.980889707014096e-09,3.981463305358003e-09,3.98432202144019e-09,3.980130802369238e-09,1.3972972416536955e-07,1.395256458995617e-07,1.3973101249552498e-07,-2.7102106438142678e-09,3.9880521316694435e-09,1.4014340212485312e-07,-2.7097690637036724e-09,3.987903505741547e-09,3.987256098597779e-09,1.401583376732786e-07,1.4014342820286736e-07,1.401583376732787e-07,3.985106848423782e-09,3.9861675260928075e-09,1.400547466387093e-07,-2.7157904771675452e-09,-2.720070966594283e-09,-2.7202115889977304e-09,-2.711081582741341e-09,3.993329426005488e-09,-2.7166347795534177e-09,-2.728820284404995e-09,3.9838708269898575e-09,3.989837699445822e-09,-2.716526832574239e-09,-2.7193128408491555e-09,1.3998344179649714e-07,3.999385537054335e-09,1.3998249378822605e-07,1.400129568962242e-07,-2.7290922722835025e-09,1.4000064318706629e-07,1.400683391904199e-07,-2.7291468862978963e-09,1.4003105413903617e-07,1.4006831050824652e-07
3.974620974085554e-09,4.860114809066186e-09,3.9709138894630635e-09,3.9865744666867405e-09,3.986574466686688e-09,4.860278637780392e-09,4.88903068681134e-09,4.25365342122026e-09,3.9826491455924275e-09,4.8959884988048705e-09,4.8959884988048705e-09,4.252883299253649e-09,4.882563046307814e-09,3.9823983607409925e-09,4.882583543690108e-09,4.286028082557873e-09,4.28812739385882e-09,4.354734868064388e-09,4.3100653052479104e-09,4.009012626799843e-09,3.9989255471689315e-09,4.0054362387642885e-09,4.8976609244151354e-09,4.351943982725079e-09,4.001022316296499e-09,4.8979752583420766e-09,4.346325856786538e-09,4.344135047753489e-09,3.998286544811779e-09,4.0010215615499e-09,3.998286544811938e-09,4.298352106329504e-09,4.364105365690736e-09,4.003739032620876e-09,4.906809724734951e-09,4.914207653458411e-09,4.914373610599102e-09,4.900155702314277e-09,4.342753624419114e-09,4.909850040506362e-09,4.931481986360591e-09,4.2890401060146874e-09,4.2883487629257554e-09,4.90966221441227e-09,4.9152141970555515e-09,3.999385537054276e-09,4.34259398160859e-09,4.003124380124251e-09,4.011942739631106e-09,4.932331705623131e-09,4.000518550204888e-09,3.993425852258705e-09,4.932469406422736e-09,4.009338419204937e-09,3.993424478579532e-09
1.3813832674340247e-07,-2.690433922693708e-09,1.3813642739461979e-07,1.388238069075758e-07,1.388238069075758e-07,-2.6905724623747263e-09,-2.7063171751529396e-09,3.981149901368329e-09,1.3903656341480835e-07,-2.710212414626903e-09,-2.7102124146269014e-09,3.98092399921037e-09,-2.7021833849046765e-09,1.3918047827969517e-07,-2.7022567865555716e-09,3.9846159818122974e-09,3.985189212758882e-09,3.988052207349961e-09,3.983860963420286e-09,1.3972877931343113e-07,1.3952470522169345e-07,1.3973006786619495e-07,-2.711689311855153e-09,3.991784398845144e-09,1.4014244645766568e-07,-2.7112504636187755e-09,3.991637250899084e-09,3.990990214661609e-09,1.4015738073408497e-07,1.4014247253287592e-07,1.4015738073408497e-07,3.988841971482417e-09,3.989895812000787e-09,1.4005379325049796e-07,-2.717271900968838e-09,-2.7215522960137e-09,-2.7216929106751327e-09,-2.7125637042625613e-09,3.997066074972252e-09,-2.7181177573943303e-09,-2.7303056021399987e-09,3.9876080467013094e-09,3.993577230905689e-09,-2.718008355742156e-09,-2.7207986196171494e-09,1.3998249378822605e-07,4.003124380124279e-09,1.39981545538439e-07,1.4001200745595285e-07,-2.730579715926553e-09,1.3999969379161545e-07,1.4006738684162263e-07,-2.730634440214353e-09,1.4003010355870878e-07,1.4006735816239393e-07
1.3816846226410803e-07,-2.69418598026372e-09,1.3816656281646625e-07,1.3885405795457305e-07,1.3885405795457305e-07,-2.694324531633062e-09,-2.7100901041959677e-09,3.989930513481889e-09,1.3906685340389626e-07,-2.7139875582036366e-09,-2.7139875582036354e-09,3.9897048472951995e-09,-2.70596143885187e-09,1.3921079473628957e-07,-2.7060345948434353e-09,3.993403933539993e-09,3.993976449911242e-09,3.996849201900146e-09,3.992657278550582e-09,1.397591934689738e-07,1.3955508662294083e-07,1.3976048323497462e-07,-2.7154719050423265e-09,4.000586546412038e-09,1.4017291674912733e-07,-2.7150390476209862e-09,4.000442616099303e-09,3.999796291069599e-09,1.401878493257116e-07,1.4017294283348423e-07,1.4018784932571172e-07,3.9976499546824615e-09,3.998688931972788e-09,1.4008425134078116e-07,-2.7210618034113597e-09,-2.725342660178304e-09,-2.725483286671938e-09,-2.7163541647137218e-09,4.005878665157382e-09,-2.7219110423019897e-09,-2.7341060628242767e-09,3.996420431896979e-09,4.002395628545591e-09,-2.7217982792762637e-09,-2.7245986199077416e-09,1.400129568962244e-07,4.011942739631136e-09,1.40012007455953e-07,1.4004247198327726e-07,-2.7343850322995324e-09,1.4003015533053698e-07,1.4009785255576853e-07,-2.7344400103028864e-09,1.4006056768914745e-07,1.4009782386722924e-07
-2.7058583692014816e-09,-9.716613107888346e-08,-2.7043085987350726e-09,-2.7155363493761135e-09,-2.7155363493761143e-09,-9.716610888992006e-08,-9.767277991721874e-08,4.907538436903921e-09,-2.715377514410164e-09,-9.771568342892453e-08,-9.771568342892453e-08,4.907450433361804e-09,-9.781711190915264e-08,-2.7162922264349613e-09,-9.781350567616655e-08,4.911889143260899e-09,4.912113164599842e-09,4.916798025763761e-09,4.913534376450982e-09,-2.731172958706152e-09,-2.725629717008475e-09,-2.7297164102559726e-09,-9.803174716093627e-08,4.920619479219074e-09,-2.7305243403500803e-09,-9.815126371441159e-08,4.921275008293412e-09,4.9209918812040715e-09,-2.729438950668946e-09,-2.7305193849481493e-09,-2.729438950668886e-09,4.919749961371392e-09,4.9171660208122665e-09,-2.73109037773882e-09,-9.829171870137029e-08,-9.82926312718572e-08,-9.829260846623691e-08,-9.820894894593748e-08,4.926765664691177e-09,-9.827465954593458e-08,-9.841039782309596e-08,4.9199345156849584e-09,4.9255104010576216e-09,-9.816149988014135e-08,-9.843277952268869e-08,-2.7290922722834847e-09,4.932331705623143e-09,-2.730579715926511e-09,-2.7343850322995006e-09,-9.854491903794502e-08,-2.729582592989026e-09,-2.7269764326727534e-09,-9.854848881947241e-08,-2.733397820165853e-09,-2.726981325721756e-09
1.3815631625941998e-07,-2.6894508073991594e-09,1.3815441700644906e-07,1.388418491390374e-07,1.388418491390374e-07,-2.689589357158365e-09,-2.7053284654341345e-09,3.978555486109159e-09,1.3905462539459984e-07,-2.709222989325748e-09,-2.709222989325747e-09,3.978329523439332e-09,-2.701193597313177e-09,1.3919855371061813e-07,-2.7012670750033687e-09,3.982019351766463e-09,3.982592761459577e-09,3.98545284312285e-09,3.98126199014274e-09,1.3974690257327966e-07,1.3954281455219627e-07,1.3974819230278685e-07,-2.7106984715874334e-09,3.989183469814724e-09,1.40160586947228e-07,-2.7102580761376834e-09,3.989035436116675e-09,3.988388226477634e-09,1.401755178290309e-07,1.401606130295815e-07,1.401755178290309e-07,3.986239586300876e-09,3.987297454604706e-09,1.4007192985326543e-07,-2.7162793763074316e-09,-2.7205594717440056e-09,-2.7207000967128462e-09,-2.7115708783129885e-09,3.994462060047763e-09,-2.7171240421035484e-09,-2.729309627775046e-09,3.985004485570805e-09,3.990971787127648e-09,-2.7170153607348948e-09,-2.7198031497192973e-09,1.4000064318706666e-07,4.000518550204922e-09,1.3999969379161567e-07,1.4003015533053703e-07,-2.7295825929890355e-09,1.4001783973825052e-07,1.4008553025520985e-07,-2.7296372490044464e-09,1.4004824911246481e-07,1.4008550156867827e-07
1.3822331275773813e-07,-2.686880913638501e-09,1.3822141342678088e-07,1.389090893243572e-07,1.389090893243572e-07,-2.6870195109827904e-09,-2.702744150477e-09,3.971492928230811e-09,1.3912194948198604e-07,-2.7066372333992796e-09,-2.7066372333992916e-09,3.971266740028052e-09,-2.6986050602326267e-09,1.392659347537745e-07,-2.6986787791755094e-09,3.97495080876226e-09,3.975524870290895e-09,3.978376776341434e-09,3.974186250263146e-09,1.3981449222133177e-07,1.396103359715401e-07,1.3981578504229198e-07,-2.7081081791097525e-09,3.982103395370882e-09,1.4022828829924887e-07,-2.7076629410036364e-09,3.981952652307267e-09,3.9813047917031474e-09,1.4024321346191398e-07,1.4022831439825324e-07,1.4024321346191398e-07,3.979154490524104e-09,3.980224793680169e-09,1.401396067936244e-07,-2.7136846585896597e-09,-2.7179646912603395e-09,-2.718105364757699e-09,-2.7089745763996142e-09,3.987373676144331e-09,-2.7145260570481584e-09,-2.7267070508947045e-09,3.9779155912672794e-09,3.98387835827306e-09,-2.7144196999456643e-09,-2.7172002176339535e-09,1.4006833919042e-07,3.993425852258739e-09,1.4006738684162247e-07,1.4009785255576831e-07,-2.726976432672757e-09,1.400855302552097e-07,1.4015322607265594e-07,-2.727030889398426e-09,1.4011594377134668e-07,1.4015319736861513e-07
-2.7059128240157927e-09,-9.716965084156714e-08,-2.7043629464490456e-09,-2.7155909632200854e-09,-2.7155909632201122e-09,-9.716962864538183e-08,-9.767631692125733e-08,4.907675295993467e-09,-2.7154319460623496e-09,-9.771922160651265e-08,-9.771922160651265e-08,4.907587280217006e-09,-9.782065417238418e-08,-2.716346604451627e-09,-9.78170479096831e-08,4.912026130033075e-09,4.91225018450692e-09,4.916935134008953e-09,4.9136712746047905e-09,-2.7312279374766006e-09,-2.7256844553633107e-09,-2.7297712823628874e-09,-9.803530079787831e-08,4.920756735506165e-09,-2.7305790225934425e-09,-9.815482024275765e-08,4.9214122343110355e-09,4.9211290701542826e-09,-2.729493564346886e-09,-2.730574067047627e-09,-2.7294935643467977e-09,4.9198870222752335e-09,4.917303247743754e-09,-2.7311451533791988e-09,-9.829528417366639e-08,-9.82961965871765e-08,-9.829617377426292e-08,-9.821250787153841e-08,4.926903107794464e-09,-9.827822076327145e-08,-9.841396258408015e-08,4.9200714844407956e-09,4.925647622030516e-09,-9.81650562181076e-08,-9.84363458308887e-08,-2.729146886297881e-09,4.932469406422767e-09,-2.730634440214369e-09,-2.7344400103029187e-09,-9.854848881947239e-08,-2.7296372490044857e-09,-2.7270308893984646e-09,-9.855205862348567e-08,-2.7334527301845877e-09,-2.7270357825540462e-09
1.3818640040760195e-07,-2.6932126360188077e-09,1.3818450105764129e-07,1.3887204851211862e-07,1.3887204851211862e-07,-2.6933511997800663e-09,-2.7091112149735957e-09,3.987337609915422e-09,1.3908486363358028e-07,-2.7130079531275042e-09,-2.713007953127517e-09,3.987111883033284e-09,-2.7049814876816982e-09,1.3922881835784425e-07,-2.7050547216852413e-09,3.99080881364543e-09,3.991381508123157e-09,3.994251344861776e-09,3.990059818010045e-09,1.397772646813853e-07,1.3957314399843065e-07,1.397785556262116e-07,-2.714490931414594e-09,3.997987124787438e-09,1.4019100499283368e-07,-2.714056536660227e-09,3.997842310903368e-09,3.99719581339489e-09,1.4020593416027984e-07,1.401910310843563e-07,1.4020593416027984e-07,3.995049086062016e-09,3.996092077984313e-09,1.4010233573793975e-07,-2.7200791801581164e-09,-2.724359732680341e-09,-2.724500371848435e-09,-2.7153712245495277e-09,4.0032761600927225e-09,-2.7209272160600644e-09,-2.733119984263914e-09,3.993818390841022e-09,3.999791704134296e-09,-2.720815158157922e-09,-2.7236130529064298e-09,1.4003105413903628e-07,4.00933841920499e-09,1.4003010355870888e-07,1.4006056768914735e-07,-2.733397820165875e-09,1.4004824911246476e-07,1.401159437713469e-07,-2.7334527301846175e-09,1.4007866105985795e-07,1.4011591507543571e-07
1.3822328449823688e-07,-2.6868857375873227e-09,1.3822138516819123e-07,1.3890906090304575e-07,1.3890906090304575e-07,-2.6870243361151392e-09,-2.7027489983096578e-09,3.971491564993111e-09,1.3912192101882576e-07,-2.7066420809578907e-09,-2.7066420809579027e-09,3.9712653766293e-09,-2.6986099156446196e-09,1.3926590625851978e-07,-2.6986836356111204e-09,3.974949442793328e-09,3.97552350420433e-09,3.978375406237873e-09,3.974184883197549e-09,1.398144635981932e-07,1.3961030739768548e-07,1.3981575642005372e-07,-2.7081130515771226e-09,3.982102024238576e-09,1.4022825957058865e-07,-2.707667817383225e-09,3.981951281455496e-09,3.981303421110268e-09,1.4024318472592748e-07,1.402282856696274e-07,1.4024318472592748e-07,3.979153122659008e-09,3.980223422730319e-09,1.4013957808644388e-07,-2.7136895494867433e-09,-2.7179695798552038e-09,-2.7181102545627414e-09,-2.708979457577204e-09,3.987372303844387e-09,-2.714530939857818e-09,-2.7267119365927127e-09,3.9779142240080984e-09,3.98387698940015e-09,-2.7144245749403773e-09,-2.7172051068512835e-09,1.4006831050824668e-07,3.993424478579613e-09,1.4006735816239398e-07,1.4009782386722919e-07,-2.7269813257217693e-09,1.4008550156867803e-07,1.401531973686153e-07,-2.7270357825540433e-09,1.401159150754357e-07,1.4015316866451699e-07
