6.081348050303158e-07,-7.621551092963198e-08,4.874846156166565e-07,3.556336845973436e-07,3.556336845973432e-07,-7.621567353365771e-08,-7.644096034755198e-08,-7.326378440944305e-08,3.560606104265444e-07,-7.64599975340998e-08,-7.645999753409975e-08,-7.326553811411088e-08,-7.64908853226534e-08,3.563256989401645e-07,-7.648971070503323e-08,-7.331550116420746e-08,-7.331047291980462e-08,-7.339725130352052e-08,-7.338286138299801e-08,3.572544696124787e-07,3.568987489965885e-07,3.572703443106726e-07,-7.670658032594755e-08,-7.341610958165903e-08,3.581777080980399e-07,-7.671238007680301e-08,-7.343412027415072e-08,-7.343973419733904e-08,3.582395945629283e-07,3.581722757032581e-07,3.582382561312121e-07,-7.34333009844514e-08,-7.336999410904225e-08,3.579829152581994e-07,-7.689277577768381e-08,-7.689852676543662e-08,-7.689891496759251e-08,-7.675160210089167e-08,-7.345862298172912e-08,-7.678950716257696e-08,-7.684446810799869e-08,-7.345982344768212e-08,-7.34766277242144e-08,-7.672204917635146e-08,-7.684388405772008e-08,3.577724906212997e-07,-7.347466485169699e-08,3.577611236165496e-07,3.577835914922686e-07,-7.690262233600746e-08,3.578252758864379e-07,3.580247049976703e-07,-7.690372286250523e-08,3.578561226948364e-07,3.580280201049834e-07
-7.328615264660323e-08,8.188321595004605e-07,-7.328799431786296e-08,-1.161889249372727e-07,-1.161889249372726e-07,6.798130778307747e-07,5.521679133445173e-07,-1.200974060771741e-07,-1.163801502318952e-07,5.523310288427e-07,5.523310288426997e-07,-1.200985688383263e-07,5.525859189894649e-07,-1.164934919985361e-07,5.525707764192438e-07,-1.201313876954184e-07,-1.201280555863146e-07,-1.201414400614687e-07,-1.201579513305862e-07,-1.168798536227452e-07,-1.167202700418769e-07,-1.168869553478248e-07,5.535778801322244e-07,-1.20197393652968e-07,-1.173672353610305e-07,5.538679338102475e-07,-1.20223225586609e-07,-1.202269417211977e-07,-1.174130889992e-07,-1.173648024261108e-07,-1.174124894814459e-07,-1.202700526725564e-07,-1.201143742193863e-07,-1.172656245108203e-07,5.545891326198359e-07,5.546203730845781e-07,5.546253633371933e-07,5.540942039016747e-07,-1.203000600867652e-07,5.543528866061779e-07,5.548608663888182e-07,-1.203008550525599e-07,-1.203706032310346e-07,5.539479974863725e-07,5.548533437529576e-07,-1.171076674557159e-07,-1.203693028134379e-07,-1.171025805138324e-07,-1.171126352998038e-07,5.55297345517888e-07,-1.171489484307171e-07,-1.1727434096097e-07,5.553118862264647e-07,-1.171627550276755e-07,-1.172764326118607e-07
4.874838944402607e-07,-7.621739645678662e-08,6.39630083260334e-07,3.556395795597473e-07,3.556395795597468e-07,-7.62175590659758e-08,-7.644285160519569e-08,-7.326450199575126e-08,3.560665129212948e-07,-7.646188929446952e-08,-7.646188929446938e-08,-7.326625572300217e-08,-7.649277788680725e-08,3.563316060644695e-07,-7.649160323187765e-08,-7.331621941731738e-08,-7.331119110815919e-08,-7.339797074876147e-08,-7.338358056067321e-08,3.572603928623859e-07,3.569046659682956e-07,3.572762678405751e-07,-7.670847752568349e-08,-7.341682913252441e-08,3.581836482861203e-07,-7.671427772779077e-08,-7.343484001307873e-08,-7.344045400857792e-08,3.582455360023704e-07,3.581782157955005e-07,3.582441975470411e-07,-7.34340205632329e-08,-7.337071323172892e-08,3.579888518832602e-07,-7.689467717062107e-08,-7.690042828791022e-08,-7.690081650237919e-08,-7.67535006516623e-08,-7.345934284486946e-08,-7.679140663249872e-08,-7.684636907525137e-08,-7.34605433262846e-08,-7.34773476341315e-08,-7.672394707923523e-08,-7.684578500642952e-08,3.577784229740293e-07,-7.347538473633418e-08,3.577670557687748e-07,3.577895240408106e-07,-7.690452476241995e-08,3.578312093258261e-07,3.580306422728971e-07,-7.690562532431161e-08,3.578620566783582e-07,3.580339574440358e-07
3.554970619503229e-07,-1.208230642753197e-07,3.555035912116779e-07,1.161175655755502e-06,1.069526337030194e-06,-1.208233224359416e-07,-1.9551906400008e-07,-1.867924539940846e-07,8.830671915599567e-07,-1.955677742916641e-07,-1.955677742916642e-07,-1.867969281807255e-07,-1.956467999919508e-07,8.837160070640039e-07,-1.956437910600774e-07,-1.869243983017741e-07,-1.869115698536715e-07,-1.871330419649175e-07,-1.870962842070444e-07,8.859926873188703e-07,8.851244678462217e-07,8.860314397011053e-07,-1.961981157681031e-07,-1.871810794703232e-07,8.882224006372013e-07,-1.962131187210454e-07,-1.872270057018783e-07,-1.872413283863188e-07,8.883676001436108e-07,8.882091402640053e-07,8.883643330867822e-07,-1.872248334941752e-07,-1.870635168707271e-07,8.877515616111301e-07,-1.966741359769633e-07,-1.966888387376243e-07,-1.966898331569623e-07,-1.963134012512631e-07,-1.872894140536709e-07,-1.964103437458234e-07,-1.965509970217331e-07,-1.872924767767218e-07,-1.873352477270337e-07,-1.962378570761864e-07,-1.965495009074469e-07,8.872585200576197e-07,-1.873302398934586e-07,8.872307721691363e-07,8.872856182888054e-07,-1.96699753807346e-07,8.873816642779122e-07,8.878568025820784e-07,-1.967025731852608e-07,8.87456963457015e-07,8.878646984545018e-07
3.554970619509674e-07,-1.20823064275656e-07,3.555035912123219e-07,1.069526337031671e-06,1.161175655756976e-06,-1.208233224362781e-07,-1.955190640007774e-07,-1.86792453993021e-07,8.830671915617715e-07,-1.955677742923652e-07,-1.95567774292365e-07,-1.867969281796605e-07,-1.956467999927582e-07,8.837160070661207e-07,-1.95643791060884e-07,-1.869243983006433e-07,-1.869115698525403e-07,-1.871330419633936e-07,-1.870962842057002e-07,8.859926873214991e-07,8.851244678485474e-07,8.860314397037364e-07,-1.961981157694616e-07,-1.871810794689372e-07,8.882224006403576e-07,-1.962131187222457e-07,-1.872270057004869e-07,-1.872413283849275e-07,8.883676001468915e-07,8.882091402671607e-07,8.883643330900633e-07,-1.872248334928272e-07,-1.870635168685145e-07,8.877515616141795e-07,-1.966741359789735e-07,-1.966888387396419e-07,-1.966898331589802e-07,-1.963134012525386e-07,-1.87289414052248e-07,-1.964103437472555e-07,-1.965509970231958e-07,-1.872924767752993e-07,-1.873352477255721e-07,-1.962378570774119e-07,-1.965495009089091e-07,8.872585200605905e-07,-1.873302398919973e-07,8.872307721721115e-07,8.872856182917806e-07,-1.966997538087883e-07,8.873816642809675e-07,8.878568025851555e-07,-1.967025731867032e-07,8.874569634600706e-07,8.878646984575835e-07
-7.328630301301301e-08,6.798128940190483e-07,-7.328814468923756e-08,-1.161891637334733e-07,-1.161891637334731e-07,8.25424583863543e-07,5.521698483994821e-07,-1.200980285115096e-07,-1.163803895448304e-07,5.523329644821319e-07,5.523329644821316e-07,-1.200991912804089e-07,5.52587855537842e-07,-1.164937316083882e-07,5.525727129112165e-07,-1.201320103567076e-07,-1.201286782253992e-07,-1.201420628992708e-07,-1.201585742136962e-07,-1.168800942248411e-07,-1.167205102124051e-07,-1.168871959690907e-07,5.53579819873089e-07,-1.20198016755556e-07,-1.173674774080601e-07,5.538698746920152e-07,-1.20223848826721e-07,-1.202275649860837e-07,-1.174133312016212e-07,-1.173650444665674e-07,-1.174127316822474e-07,-1.202706761069182e-07,-1.20114996899119e-07,-1.172658662584197e-07,5.545910757372291e-07,5.54622316306262e-07,5.546273065774609e-07,5.540961455478437e-07,-1.203006836882169e-07,5.54354829151457e-07,5.548628107701265e-07,-1.203014786593098e-07,-1.203712271568778e-07,5.539499386538602e-07,5.548552881062492e-07,-1.171079086661633e-07,-1.203699267306141e-07,-1.171028217105468e-07,-1.171128765236657e-07,5.552992914371031e-07,-1.171491897834125e-07,-1.172745827153149e-07,5.553138321999411e-07,-1.171629964176518e-07,-1.172766743729129e-07
-7.35021373949829e-08,5.521457269266603e-07,-7.350398465228454e-08,-1.880179391834265e-07,-1.880179391834259e-07,5.52147828606492e-07,1.560552533316278e-06,-2.527859829724186e-07,-2.439031148407611e-07,1.139374586859617e-06,1.139374586859616e-06,-2.527884354064366e-07,1.092478440790309e-06,-2.338291570259696e-07,1.092448758991829e-06,-2.412315988396555e-07,-2.412249064306647e-07,-2.412518179284692e-07,-2.412849628544953e-07,-2.34604726172011e-07,-2.342843777180674e-07,-2.346189821822731e-07,1.094461311067133e-06,-2.413641696294715e-07,-2.355831314320704e-07,1.095025230989877e-06,-2.414160428120665e-07,-2.414235065237313e-07,-2.356751865397843e-07,-2.355782475547433e-07,-2.356739830668739e-07,-2.415100616887555e-07,-2.411974632379907e-07,-2.353791509636342e-07,1.096473400878045e-06,1.096535559743175e-06,1.096545341722845e-06,1.095474764297102e-06,-2.415703216032619e-07,1.095986769064155e-06,1.096986802159624e-06,-2.415719182609042e-07,-2.417119657745841e-07,1.095183127248217e-06,1.096972056477643e-06,-2.350620380653025e-07,-2.417093539371902e-07,-2.350518265320794e-07,-2.350720105214755e-07,1.097849106133559e-06,-2.351449137705676e-07,-2.353966437247941e-07,1.097877600590747e-06,-2.351726291508016e-07,-2.354008427905884e-07
-7.619599226082712e-08,-1.154645712346075e-07,-7.619676837505838e-08,-1.942847100975457e-07,-1.942847100975453e-07,-1.154651791465752e-07,-2.420847102443331e-07,1.610948899599224e-06,-2.62513824356566e-07,-2.507363927827981e-07,-2.507363927827982e-07,1.454551078645196e-06,-2.320593770130902e-07,-2.412627174095216e-07,-2.32050581669234e-07,1.086763533515797e-06,1.086710066454341e-06,1.087443381742657e-06,1.087402197971717e-06,-2.416836130699182e-07,-2.415515888667719e-07,-2.416895551554924e-07,-2.322687193116796e-07,1.087830482233651e-06,-2.418422443163475e-07,-2.324813441857546e-07,1.088081659095058e-06,1.088141336316607e-06,-2.418197334480929e-07,-2.418402176749778e-07,-2.418192343561599e-07,1.088276322722537e-06,1.087114893278324e-06,-2.418057048331735e-07,-2.325712143650235e-07,-2.325805622562278e-07,-2.32583457849923e-07,-2.325554781130627e-07,1.088602368555899e-06,-2.326585674932731e-07,-2.329124912834175e-07,1.088615131133684e-06,1.089045459368499e-06,-2.32518704345483e-07,-2.329081232308493e-07,-2.418873914349235e-07,1.089024588907466e-06,-2.418831411175569e-07,-2.418915422354782e-07,-2.331017789922818e-07,-2.418627337799164e-07,-2.418464342736467e-07,-2.331102972055636e-07,-2.418742626800401e-07,-2.418461450935884e-07
3.558818563236848e-07,-1.210188161702977e-07,3.558883931080039e-07,8.82997011105547e-07,8.829970111055463e-07,-1.210190748680234e-07,-2.546193458725114e-07,-2.506320485121054e-07,1.645421381304304e-06,-2.757722830790243e-07,-2.757722830790244e-07,-2.506380617104761e-07,-2.430738494593506e-07,1.093309042354821e-06,-2.430701094079513e-07,-2.320085559770177e-07,-2.319926302036477e-07,-2.322676040939181e-07,-2.322219542779991e-07,1.09612148046935e-06,1.095049545328293e-06,1.096169326594417e-06,-2.437586642852769e-07,-2.323272111807391e-07,1.098870581582973e-06,-2.437773682305205e-07,-2.323842167566869e-07,-2.324019975404e-07,1.09904891508053e-06,1.098854209632487e-06,1.099044881406008e-06,-2.323814888168875e-07,-2.321812986689927e-07,1.098290001866595e-06,-2.443499910615979e-07,-2.443682552795121e-07,-2.443694913222452e-07,-2.439019456628234e-07,-2.324616530998117e-07,-2.440223842266304e-07,-2.441971621404136e-07,-2.324654552929936e-07,-2.325185142526624e-07,-2.438081060873991e-07,-2.441953024973865e-07,1.09768456010957e-06,-2.325122973178632e-07,1.097650300915875e-06,1.097718017197621e-06,-2.443819835194578e-07,1.097835688664706e-06,1.098420454680871e-06,-2.44385488049617e-07,1.097928657402474e-06,1.098430171968133e-06
-7.35202761817997e-08,5.523042162529792e-07,-7.352212392794925e-08,-1.880643561450233e-07,-1.880643561450229e-07,5.523063185489168e-07,1.139366418460563e-06,-2.626150137584547e-07,-2.625250939982899e-07,1.679495550224324e-06,1.558860281323785e-06,-2.626175652724661e-07,1.09279302038819e-06,-2.338868940702472e-07,1.09276332986194e-06,-2.413120634284968e-07,-2.413053685127535e-07,-2.413322961916041e-07,-2.413654499309829e-07,-2.346626657055536e-07,-2.343422324020804e-07,-2.346769254898251e-07,1.094776446245965e-06,-2.414446839670392e-07,-2.356413371967426e-07,1.095340535292645e-06,-2.414965746580958e-07,-2.415040411659822e-07,-2.357334184375218e-07,-2.356364520262392e-07,-2.357322146459414e-07,-2.415906222014525e-07,-2.412779223868743e-07,-2.354373013241942e-07,1.096789106367074e-06,1.096851282850887e-06,1.096861067706674e-06,1.095790196492342e-06,-2.416509028584633e-07,1.096302348279925e-06,1.097302672349947e-06,-2.416525001142325e-07,-2.417925919808685e-07,1.095498477294814e-06,1.097287922332181e-06,-2.351200982819196e-07,-2.417899791651211e-07,-2.351098840452104e-07,-2.351300733782796e-07,1.098165225069306e-06,-2.352029976418156e-07,-2.354547977479424e-07,1.098193727910558e-06,-2.35230720359847e-07,-2.354589979844266e-07
-7.35202761827549e-08,5.523042162543774e-07,-7.352212392890502e-08,-1.880643561473369e-07,-1.880643561473363e-07,5.52306318550315e-07,1.139366418462791e-06,-2.626150137596317e-07,-2.62525094001131e-07,1.558860281325997e-06,1.679495550226534e-06,-2.626175652736435e-07,1.092793020390549e-06,-2.338868940734314e-07,1.092763329864299e-06,-2.413120634297688e-07,-2.413053685140258e-07,-2.41332296192749e-07,-2.413654499321366e-07,-2.346626657096466e-07,-2.343422324059355e-07,-2.346769254939192e-07,1.094776446249091e-06,-2.414446839681459e-07,-2.35641337201138e-07,1.095340535295544e-06,-2.41496574659177e-07,-2.415040411670641e-07,-2.357334184419693e-07,-2.356364520306348e-07,-2.35732214650388e-07,-2.415906222023944e-07,-2.41277922388242e-07,-2.354373013285408e-07,1.09678910637113e-06,1.096851282854886e-06,1.096861067710673e-06,1.095790196495238e-06,-2.416509028593431e-07,1.096302348282754e-06,1.097302672352611e-06,-2.416525001151113e-07,-2.41792591981728e-07,1.09549847729775e-06,1.097287922334845e-06,-2.35120098286497e-07,-2.417899791659806e-07,-2.351098840497881e-07,-2.351300733828574e-07,1.098165225071969e-06,-2.352029976464085e-07,-2.354547977525693e-07,1.098193727913221e-06,-2.352307203644404e-07,-2.354589979890542e-07
-7.619778777226829e-08,-1.15465645975364e-07,-7.619856390998631e-08,-1.942892911451822e-07,-1.94289291145182e-07,-1.154662538947793e-07,-2.420869593549494e-07,1.4545494316711e-06,-2.625200070416485e-07,-2.50738718602073e-07,-2.507387186020732e-07,1.640970799448738e-06,-2.320615377167297e-07,-2.412684078026906e-07,-2.320527422650995e-07,1.086781023372475e-06,1.086727555397047e-06,1.087460883892512e-06,1.08741969902145e-06,-2.416893151300615e-07,-2.415572869026304e-07,-2.416952573959911e-07,-2.32270879763945e-07,1.087847990340135e-06,-2.418479540197529e-07,-2.324835075827878e-07,1.088099171284071e-06,1.08815884952581e-06,-2.418254431593459e-07,-2.418459273167668e-07,-2.418249440522359e-07,1.08829383751905e-06,1.087132389950283e-06,-2.41811412877238e-07,-2.325733763363801e-07,-2.325827242745688e-07,-2.325856199037226e-07,-2.325576419784979e-07,1.088619888724936e-06,-2.326607322597821e-07,-2.329146588454815e-07,1.088632651520895e-06,1.089062986220917e-06,-2.325208681300681e-07,-2.329102907393994e-07,-2.418930995306237e-07,1.089042115403115e-06,-2.418888490841824e-07,-2.418972504572277e-07,-2.331039483803669e-07,-2.418684417992465e-07,-2.418521431742468e-07,-2.331124666985836e-07,-2.418799710495576e-07,-2.418518540085599e-07
-7.354976982345146e-08,5.525533627683868e-07,-7.355161835177317e-08,-1.881398231016437e-07,-1.881398231016431e-07,5.525554660285986e-07,1.092462391617026e-06,-2.41366526510747e-07,-2.337530863678317e-07,1.09278413319977e-06,1.092784133199769e-06,-2.413688640520247e-07,1.707537091769907e-06,-2.667411230521394e-07,1.550714060322053e-06,-2.882812609064892e-07,-2.882732445511131e-07,-2.722343516247925e-07,-2.722717474879788e-07,-2.646822659468992e-07,-2.643208326742682e-07,-2.646983502913501e-07,1.232736117725705e-06,-2.723611284363738e-07,-2.657861699767163e-07,1.233370062701887e-06,-2.724196638989196e-07,-2.724280869048917e-07,-2.658900356129652e-07,-2.657806597411589e-07,-2.658886777943954e-07,-2.725257502455218e-07,-2.721730140032002e-07,-2.655560254528182e-07,1.235004051499799e-06,1.235074114033502e-06,1.235085121107529e-06,1.233876669619792e-06,-2.725937506005164e-07,1.234453434485732e-06,1.235579264617648e-06,-2.725955524729075e-07,-2.727535794785796e-07,1.233547857070759e-06,1.23556267222885e-06,-2.651982271550169e-07,-2.727506319479004e-07,-2.651867059915945e-07,-2.652094785797304e-07,1.236550429929367e-06,-2.652917360071588e-07,-2.655757592149371e-07,1.236582491933573e-06,-2.65323005888303e-07,-2.65580496960421e-07
3.561251597139977e-07,-1.211350766758927e-07,3.561317012023669e-07,8.836095665341574e-07,8.83609566534156e-07,-1.211353356834325e-07,-2.431485143591753e-07,-2.319497428970467e-07,1.093267051438575e-06,-2.432091007586904e-07,-2.432091007586905e-07,-2.319553004385829e-07,-2.776560674631732e-07,1.571839989012758e-06,-2.776517922657575e-07,-2.646116148618332e-07,-2.64593445365584e-07,-2.619943510162753e-07,-2.619428433092809e-07,1.234545203607404e-06,1.233339066235356e-06,1.234599040436421e-06,-2.750955361715698e-07,-2.62061577266065e-07,1.237636468550795e-06,-2.751166819186942e-07,-2.621258800981685e-07,-2.621459386579598e-07,1.237836631176589e-06,1.237618046779837e-06,1.237832092475673e-06,-2.621227845047395e-07,-2.618969930528874e-07,1.236983593631753e-06,-2.757628321788417e-07,-2.757834428474382e-07,-2.75784838120799e-07,-2.752572661169772e-07,-2.622132130044494e-07,-2.75393185662406e-07,-2.755904492156501e-07,-2.622175022707886e-07,-2.622773357362023e-07,-2.751513728854782e-07,-2.755883500057699e-07,1.236304100912712e-06,-2.622703223923063e-07,1.236265552252753e-06,1.236341747038316e-06,-2.757990331905134e-07,1.236473666108571e-06,1.237130654549023e-06,-2.758029892434786e-07,1.236578275058926e-06,1.237141571779757e-06
-7.354868366488712e-08,5.525394221706667e-07,-7.355053215733256e-08,-1.881370400154332e-07,-1.881370400154324e-07,5.525415253744795e-07,1.092434572167053e-06,-2.413575211125563e-07,-2.337496267525102e-07,1.092756305375783e-06,1.092756305375782e-06,-2.413598585417356e-07,1.550716702938055e-06,-2.667371762692254e-07,1.660027396862633e-06,-2.882705141363807e-07,-2.882624981646445e-07,-2.722241916826266e-07,-2.722615868078106e-07,-2.646783443063125e-07,-2.643169180700202e-07,-2.646944283382044e-07,1.232704697031613e-06,-2.723509641746237e-07,-2.657822247687014e-07,1.233338623876343e-06,-2.724094973927118e-07,-2.724179199945131e-07,-2.658860878695793e-07,-2.657767146403003e-07,-2.658847300774171e-07,-2.725155805705892e-07,-2.721628566376515e-07,-2.655520851287643e-07,1.234972575642291e-06,1.235042636471816e-06,1.235053643247885e-06,1.233845218333282e-06,-2.725835781999545e-07,1.234421968616835e-06,1.235547769168145e-06,-2.725853799858968e-07,-2.727434017871485e-07,1.233516413631861e-06,1.235531177228566e-06,-2.651942955996974e-07,-2.727404543978605e-07,-2.65182774660207e-07,-2.652055468057158e-07,1.236518909592665e-06,-2.652878021321614e-07,-2.655718187915386e-07,1.236550970727191e-06,-2.653190714054585e-07,-2.65576556427642e-07
-7.624893679222538e-08,-1.154959612248737e-07,-7.624971359996221e-08,-1.94419792697359e-07,-1.944197926973588e-07,-1.154965693552081e-07,-2.319258993301331e-07,1.086728821591356e-06,-2.413179960523687e-07,-2.320037880343959e-07,-2.32003788034396e-07,1.086747481375149e-06,-2.758447962680484e-07,-2.755151463810078e-07,-2.758343301910382e-07,1.73830707777852e-06,1.577050278315286e-06,1.224500372159861e-06,1.224454471124342e-06,-2.726815742731112e-07,-2.725325864323242e-07,-2.72688279824754e-07,-2.619480969711243e-07,1.224936557618765e-06,-2.728606818048907e-07,-2.621879234668296e-07,1.225219348687275e-06,1.225286482721607e-06,-2.728353017572664e-07,-2.728583947680327e-07,-2.728347385387801e-07,1.225439116037783e-06,1.22413068968634e-06,-2.728194291527178e-07,-2.622892016223723e-07,-2.622997426529542e-07,-2.623030085318114e-07,-2.622715228532995e-07,1.225806120198671e-06,-2.623877830924698e-07,-2.626741678603936e-07,1.225820477496556e-06,1.226305541654694e-06,-2.622300588607454e-07,-2.62669241225547e-07,-2.72911530006187e-07,1.226282063361182e-06,-2.729067335865246e-07,-2.729162141226172e-07,-2.628876450062914e-07,-2.728837267052548e-07,-2.728653789984193e-07,-2.628972525396313e-07,-2.728967368995013e-07,-2.728650534376437e-07
-7.624378870810148e-08,-1.154928814685488e-07,-7.624456544849238e-08,-1.94406657930728e-07,-1.944066579307277e-07,-1.154934895775357e-07,-2.31919713541118e-07,1.08667871018896e-06,-2.413016897833779e-07,-2.319975998825355e-07,-2.319975998825356e-07,1.086697369058808e-06,-2.758374569878637e-07,-2.754965312103758e-07,-2.75826991277943e-07,1.577055531277114e-06,1.652269072583023e-06,1.224443841903935e-06,1.224397944395508e-06,-2.72663141275354e-07,-2.725141664446336e-07,-2.726698462439229e-07,-2.619411168443047e-07,1.224880008107212e-06,-2.728422240944217e-07,-2.621809338236516e-07,1.225162785991991e-06,1.225229916734585e-06,-2.72816844020894e-07,-2.728399372567631e-07,-2.728162808514749e-07,1.225382544890125e-06,1.22407417711701e-06,-2.728009768073829e-07,-2.622822165944195e-07,-2.622927574734314e-07,-2.62296023237701e-07,-2.622645316976896e-07,1.225749531705719e-06,-2.62380789026302e-07,-2.626671647609478e-07,1.225763888299653e-06,1.226248931549682e-06,-2.622230679652625e-07,-2.626622382990359e-07,-2.728930774953551e-07,1.22622545440731e-06,-2.728882814929814e-07,-2.728977612042691e-07,-2.628806360068257e-07,-2.72865274440681e-07,-2.728469238831447e-07,-2.628902432010579e-07,-2.728782835027864e-07,-2.728465982758793e-07
-7.633190387569885e-08,-1.15502500327013e-07,-7.633268190488021e-08,-1.946315485981311e-07,-1.946315485981309e-07,-1.155031086213604e-07,-2.319390650376582e-07,1.087323961301106e-06,-2.415809106838434e-07,-2.320169653712913e-07,-2.320169653712913e-07,1.087342632654653e-06,-2.617269532091024e-07,-2.725032505389218e-07,-2.617170304480655e-07,1.224408025127801e-06,1.224347839797658e-06,2.186502588786191e-06,1.540027826427316e-06,-3.876029585611981e-07,-3.364742353671032e-07,-3.876124897785705e-07,-4.099239567659992e-07,1.589380889624523e-06,-4.274275462986216e-07,-3.437562330418525e-07,1.58974789265362e-06,1.589835113832282e-06,-4.273878557010657e-07,-4.274239620324563e-07,-4.273869730192024e-07,1.590032048076031e-06,1.896825908076981e-06,-4.273628271897604e-07,-4.104575936234835e-07,-4.104740844109678e-07,-4.104791962526509e-07,-3.438658654976908e-07,1.590508480747482e-06,-3.440183015544005e-07,-3.443937340347959e-07,1.590527133876861e-06,1.591155640303456e-06,-3.438114725585481e-07,-3.443872761319055e-07,-3.574293531519732e-07,1.591125137111896e-06,-3.574230745485234e-07,-3.574354847483786e-07,-3.446736180345087e-07,-3.573928829468999e-07,-3.573687116098654e-07,-3.446862116610702e-07,-3.574099135267156e-07,-3.57368282856479e-07
-7.631760279651396e-08,-1.155193857587119e-07,-7.631838055827554e-08,-1.945950169539107e-07,-1.945950169539104e-07,-1.155199941000388e-07,-2.319729612449719e-07,1.087310180757293e-06,-2.415355413666358e-07,-2.320508706298808e-07,-2.320508706298807e-07,1.087328851437123e-06,-2.617651968038475e-07,-2.724520591425595e-07,-2.617552732768069e-07,1.224392004606361e-06,1.22433182147248e-06,1.540066763455145e-06,1.879371453955416e-06,-3.457869534923659e-07,-3.364109386159718e-07,-3.457954519952245e-07,-3.325720626572409e-07,1.540614914668592e-06,-3.460136137948599e-07,-3.32876433457481e-07,1.540970648467478e-06,1.541055180452123e-06,-3.45981365078249e-07,-3.460107152552056e-07,-3.459806512680836e-07,1.541246200063369e-06,1.539601499530665e-06,-3.459613965577664e-07,-3.330052873653326e-07,-3.330186751426587e-07,-3.330228205188347e-07,-3.329825985330326e-07,1.541707987377309e-06,-3.331302106744159e-07,-3.334937560060407e-07,1.541726065396474e-06,1.542335388361571e-06,-3.329299242140696e-07,-3.334875026370449e-07,-3.460784133373316e-07,1.542305825637502e-06,-3.46072334444189e-07,-3.460843498994375e-07,-3.33764781029094e-07,-3.460430957053705e-07,-3.460196779138281e-07,-3.337769757854822e-07,-3.460595845742899e-07,-3.460192625408869e-07
3.569863185363326e-07,-1.215318797073319e-07,3.569928765713839e-07,8.857737789039792e-07,8.857737789039771e-07,-1.215321397531664e-07,-2.439450484053786e-07,-2.323448003194077e-07,1.095949270671078e-06,-2.440058438461096e-07,-2.440058438461098e-07,-2.323503691359317e-07,-2.75221453420627e-07,1.234403291354217e-06,-2.752172146301577e-07,-2.621478933151861e-07,-2.621298909491151e-07,-3.730566937804785e-07,-3.330643652106646e-07,2.035932438736306e-06,1.514063511652773e-06,1.916978776657852e-06,-3.91889704945556e-07,-3.441564418865859e-07,1.744931595747617e-06,-3.611073687336024e-07,-3.442408866275952e-07,-3.442672259175485e-07,1.745214474998969e-06,1.744905605920068e-06,1.745208071700404e-06,-3.442368470304521e-07,-3.729180560685068e-07,1.744010121146228e-06,-3.928402434476706e-07,-3.928696025845031e-07,-3.928715906527597e-07,-3.612919059152183e-07,-3.443555975454097e-07,-3.614703117094225e-07,-3.61729208920453e-07,-3.443612298656951e-07,-3.444398296637329e-07,-3.611529005970635e-07,-3.617264542696472e-07,1.607190590948093e-06,-3.444306203031367e-07,1.607140410719293e-06,1.607239596314347e-06,-3.620029846027559e-07,1.607412204236558e-06,1.608269239900609e-06,-3.620081757866968e-07,1.607548377714378e-06,1.60828348170617e-06
3.566659068045939e-07,-1.213685295475016e-07,3.566724585729362e-07,8.849643765202893e-07,8.849643765202874e-07,-1.21368789144708e-07,-2.436171370719069e-07,-2.322228916165879e-07,1.094945465535456e-06,-2.436778452765553e-07,-2.436778452765552e-07,-2.322284565652971e-07,-2.748514863577437e-07,1.233271418649077e-06,-2.748472548820304e-07,-2.620103156216482e-07,-2.619923257602019e-07,-3.240410722446273e-07,-3.239774016080794e-07,1.514157468102984e-06,1.844691818871174e-06,1.514223566945587e-06,-3.399247927672473e-07,-3.241242414697913e-07,1.517955527696391e-06,-3.399508361929761e-07,-3.242037695766807e-07,-3.242285736668994e-07,1.518201944494834e-06,1.517932910037389e-06,1.518196372020177e-06,-3.24199983387494e-07,-3.239206730072748e-07,1.517153423048759e-06,-3.407494589382173e-07,-3.407749302725748e-07,-3.407766536029174e-07,-3.401245701605033e-07,-3.243118174861241e-07,-3.402925257514997e-07,-3.405362382332237e-07,-3.243171215237066e-07,-3.243911623149737e-07,-3.399936989191068e-07,-3.405336454617375e-07,1.516316832627148e-06,-3.243824897265187e-07,1.51626950396074e-06,1.516363053194216e-06,-3.40793971504452e-07,1.516525664714529e-06,1.517333613896649e-06,-3.407988575700752e-07,1.516654099919907e-06,1.517347039927514e-06
3.570006337242643e-07,-1.215391499234135e-07,3.570071920390969e-07,8.858099335797566e-07,8.858099335797548e-07,-1.215394099891803e-07,-2.439596427274136e-07,-2.323502913607014e-07,1.095994107814456e-06,-2.440204420488712e-07,-2.440204420488715e-07,-2.323558603506096e-07,-2.75237919508796e-07,1.234453848283652e-06,-2.752336803933229e-07,-2.621540900951672e-07,-2.62136087168546e-07,-3.730655223595218e-07,-3.330722491828871e-07,1.916973799083852e-06,1.514125460946858e-06,2.112301257663687e-06,-3.919131475172638e-07,-3.441645899238342e-07,1.745003047466281e-06,-3.611289775441079e-07,-3.442490367956833e-07,-3.442753769062838e-07,1.745285940891025e-06,1.744977056508375e-06,1.745279537313954e-06,-3.442449953693793e-07,-3.729268806802075e-07,1.744081531305733e-06,-3.928637378093835e-07,-3.928930985460268e-07,-3.928950867665776e-07,-3.613135249681749e-07,-3.443637491080744e-07,-3.614919412272273e-07,-3.617508554934622e-07,-3.443693816038366e-07,-3.444479817427874e-07,-3.611745122764701e-07,-3.617481006313324e-07,1.607256343009496e-06,-3.444387720952973e-07,1.607206160600086e-06,1.607305350505302e-06,-3.620246477920011e-07,1.607477967607749e-06,1.608335043951415e-06,-3.620298393793165e-07,1.607614147003258e-06,1.60834928643369e-06
-7.376085405005261e-08,5.536474345106579e-07,-7.37627071539958e-08,-1.886793753495528e-07,-1.88679375349552e-07,5.53649541651567e-07,1.094603614953771e-06,-2.415964034572255e-07,-2.344232973977023e-07,1.094925971762124e-06,1.094925971762124e-06,-2.415987411081346e-07,1.232908869299533e-06,-2.645635302539546e-07,1.232875409388629e-06,-2.724707012530556e-07,-2.72463148336754e-07,-4.263868572539087e-07,-3.452842130549692e-07,-3.773190945760748e-07,-3.274674076549833e-07,-3.773420094933115e-07,2.383463397936376e-06,-3.566589208819607e-07,-4.409704237043874e-07,1.602579423451434e-06,-3.567355594658711e-07,-3.56746568426296e-07,-4.411426487384721e-07,-4.409612841362005e-07,-4.41140396589025e-07,-3.568746653302735e-07,-4.509497807517588e-07,-4.405887350292213e-07,2.026354251124507e-06,2.026469268024366e-06,2.026487315110083e-06,1.603237276917586e-06,-3.569636683232643e-07,1.603986589337441e-06,1.605450230168756e-06,-3.569660233930998e-07,-3.571731231513022e-07,1.602810513746781e-06,1.605428647252314e-06,-3.48675471471805e-07,-3.571692706862465e-07,-3.486603361951076e-07,-3.486902523945149e-07,1.606712232343888e-06,-3.487981958674997e-07,-3.491710746446382e-07,1.606753939182119e-06,-3.488392748910176e-07,-3.491772945412279e-07
-7.635193202038021e-08,-1.155569268468377e-07,-7.635271017753596e-08,-1.946825747423665e-07,-1.946825747423661e-07,-1.155575354015593e-07,-2.320483512054578e-07,1.087728173629204e-06,-2.416442295119465e-07,-2.321262867836796e-07,-2.321262867836795e-07,1.087746851650165e-06,-2.61850271286568e-07,-2.725746649002677e-07,-2.618403442784138e-07,1.224862883733888e-06,1.224802676927375e-06,1.58940614406249e-06,1.540600341356685e-06,-3.572218234257485e-07,-3.365623593652407e-07,-3.572306025577921e-07,-3.436037179863935e-07,2.143131539168318e-06,-3.574559394776155e-07,-3.599127281502729e-07,1.661692631314019e-06,1.661783814578134e-06,-3.574226188382184e-07,-3.574529452262846e-07,-3.574218814576099e-07,1.661989515635374e-06,1.588925935349038e-06,-3.574020035786469e-07,-3.440513262446271e-07,-3.440651585108518e-07,-3.440694413054303e-07,-3.600275255847421e-07,1.662487540536476e-06,-3.60187129346898e-07,-3.605801831404951e-07,1.662507040996635e-06,1.66316387617066e-06,-3.599705617065953e-07,-3.605734224296543e-07,-3.740370068038769e-07,1.66313198735358e-06,-3.74030438065078e-07,-3.740434217424025e-07,-3.608732180705248e-07,-3.73998814025241e-07,-3.739734494221146e-07,-3.60886402174206e-07,-3.740166315866762e-07,-3.739729995722385e-07
3.577585489698601e-07,-1.22027570976423e-07,3.57765122823678e-07,8.877515607079841e-07,8.877515607079823e-07,-1.22027832508011e-07,-2.449401390378951e-07,-2.324757939829939e-07,1.098406412964606e-06,-2.450012061289189e-07,-2.450012061289192e-07,-2.324813699967593e-07,-2.763441852547313e-07,1.237176231229554e-06,-2.763399222374439e-07,-2.622958253985758e-07,-2.622777997611762e-07,-4.109041864931914e-07,-3.332533683263594e-07,1.744475131650986e-06,1.517458695737251e-06,1.744551274836918e-06,-4.587111264604888e-07,-3.44351885493088e-07,3.275062481570611e-06,-3.625808787711341e-07,-3.444363909676797e-07,-3.444627643549797e-07,2.885334464949893e-06,3.121323953217581e-06,2.885323909339019e-06,-3.444321806900627e-07,-6.147616527161132e-07,2.658648018412702e-06,-6.528787193999643e-07,-6.529274546629103e-07,-6.529307711293617e-07,-3.627660912301058e-07,-3.445510386689194e-07,-3.629452045364041e-07,-3.632053100011729e-07,-3.445566782793791e-07,-3.446351750651712e-07,-3.626266104308946e-07,-3.632025395950561e-07,1.610793866636558e-06,-3.44625953786484e-07,1.610743561504207e-06,1.610842993982013e-06,-3.634802255082048e-07,1.611016194642834e-06,1.611875697393186e-06,-3.634854468819019e-07,1.611152707089164e-06,1.611889980264408e-06
-7.37648168717117e-08,5.538926973450875e-07,-7.37666703949708e-08,-1.886896874274126e-07,-1.886896874274122e-07,5.538948055439522e-07,1.095098118430806e-06,-2.418122364980929e-07,-2.344361762320135e-07,1.095420627618685e-06,1.095420627618684e-06,-2.418145771668402e-07,1.233467108989216e-06,-2.64578103707332e-07,1.23343363195508e-06,-2.727141473101944e-07,-2.727065846406153e-07,-3.568116298718675e-07,-3.455929574002032e-07,-3.480171677098614e-07,-3.274856764200817e-07,-3.480383024316079e-07,1.602476974206377e-06,-3.734668183725167e-07,-3.494672981739873e-07,2.246662295767198e-06,-3.901963071447482e-07,-3.902083501987717e-07,-3.496036811315269e-07,-3.494600577752748e-07,-3.496018969709324e-07,-4.497961980142815e-07,-3.567312893661086e-07,-3.491649660874354e-07,1.605422637553085e-06,1.605513637024431e-06,1.605527961985795e-06,2.007872877157389e-06,-4.499083674081697e-07,2.008811196946825e-06,2.010645051304466e-06,-4.499113348817953e-07,-4.501723872319612e-07,2.007338893904681e-06,2.010617997060265e-06,-4.397103718192324e-07,-4.50167532984939e-07,-4.396912871094319e-07,-4.397290097091261e-07,2.012225687191264e-06,-4.39865099358567e-07,-4.40335235313911e-07,2.012277968332457e-06,-4.399168976323161e-07,-4.403430775268056e-07
-7.637060234191155e-08,-1.155816692031999e-07,-7.637138070044829e-08,-1.947301865124593e-07,-1.947301865124589e-07,-1.155822778920477e-07,-2.320980370292602e-07,1.087976827447754e-06,-2.417033285938738e-07,-2.321759895077497e-07,-2.321759895077495e-07,1.087995509778369e-06,-2.61906338787744e-07,-2.726413300093397e-07,-2.618964095916332e-07,1.225142932288966e-06,1.225082711588456e-06,1.589769473304193e-06,1.540952519931821e-06,-3.573092040097007e-07,-3.366446823320977e-07,-3.573179854159709e-07,-3.436772912780526e-07,1.661688763616172e-06,-3.575433896403692e-07,-3.761398228949621e-07,2.103337729569627e-06,1.976690266403405e-06,-3.575100625513459e-07,-3.575403946130582e-07,-3.575093249796288e-07,1.734430456057036e-06,1.58928915422348e-06,-3.574894380316175e-07,-3.441249912957021e-07,-3.441388263976609e-07,-3.441431101361654e-07,-3.76259802341685e-07,1.734950221491358e-06,-3.764266036719822e-07,-3.768373665913692e-07,1.734970575305195e-06,1.735655917671215e-06,-3.762002628234399e-07,-3.768303014278355e-07,-3.908036338139912e-07,1.735622633379634e-06,-3.907967714347039e-07,-3.908103355177126e-07,-3.771436115326846e-07,-3.907637147606786e-07,-3.907371774957548e-07,-3.771573893351911e-07,-3.907823288133253e-07,-3.907367068836964e-07
-7.637634999558863e-08,-1.155851036485692e-07,-7.637712842932779e-08,-1.947448510212902e-07,-1.947448510212899e-07,-1.155857123612346e-07,-2.32104935225302e-07,1.088032755361977e-06,-2.41721533977239e-07,-2.32182890339396e-07,-2.321828903393959e-07,1.088051438712681e-06,-2.619141237231667e-07,-2.726618677036685e-07,-2.619041941384835e-07,1.225205979956432e-06,1.225145755964394e-06,1.589851184442416e-06,1.541031731054353e-06,-3.573361388589929e-07,-3.366700533375112e-07,-3.573449211170635e-07,-3.436875078367569e-07,1.661774153746225e-06,-3.575703605811643e-07,-3.761510129147872e-07,1.976683709459634e-06,2.199299399011391e-06,-3.575370335273577e-07,-3.575673652628496e-07,-3.575362958839589e-07,1.734519566086756e-06,1.58937083977821e-06,-3.575164011366761e-07,-3.441352150460886e-07,-3.441490503705089e-07,-3.441533342766207e-07,-3.76270994787701e-07,1.735039358862991e-06,-3.764378007791361e-07,-3.768485781516714e-07,1.735059713787636e-06,1.735745089019326e-06,-3.762114548473377e-07,-3.768415127115484e-07,-3.90833103228776e-07,1.735711802911325e-06,-3.908262401832975e-07,-3.90839805583087e-07,-3.771548325371385e-07,-3.907931837782065e-07,-3.907666510557965e-07,-3.771686108820023e-07,-3.908117996382872e-07,-3.907661805178087e-07
3.577996205913983e-07,-1.220737175337092e-07,3.578061954252783e-07,8.8786199215627e-07,8.878619921562677e-07,-1.220739792227742e-07,-2.450327824778487e-07,-2.324511812847641e-07,1.098544439418204e-06,-2.450938759257177e-07,-2.450938759257176e-07,-2.32456757269237e-07,-2.764487148485586e-07,1.237332438330309e-06,-2.764444492631646e-07,-2.622680743599972e-07,-2.622500488166411e-07,-4.108607867695193e-07,-3.332182554469745e-07,1.744694943210908e-06,1.517649466222467e-06,1.744771098582154e-06,-4.588844653134681e-07,-3.443156234318593e-07,2.885240933889856e-06,-3.627180856365501e-07,-3.44400121774331e-07,-3.444264950308108e-07,3.550302776740143e-06,2.885198083565374e-06,3.397087870145805e-06,-3.443958886572117e-07,-6.712623089974007e-07,2.658987590516939e-06,-7.13654189473636e-07,-7.137074530120259e-07,-7.137110800034075e-07,-3.629033574725083e-07,-3.445147396544101e-07,-3.630825357367339e-07,-3.633427605482437e-07,-3.44520379236742e-07,-3.445988473413293e-07,-3.627638365311949e-07,-3.63339988471665e-07,1.610996268865214e-06,-3.445896261089122e-07,1.61094595570002e-06,1.61104540405545e-06,-3.63617783212299e-07,1.611218654882693e-06,1.612078340953133e-06,-3.636230078029006e-07,1.611355189130326e-06,1.612092626880192e-06
3.577536524284174e-07,-1.220250804347434e-07,3.577602261865121e-07,8.87739192928982e-07,8.877391929289801e-07,-1.22025341959498e-07,-2.449351394923548e-07,-2.324739217431627e-07,1.09839107493072e-06,-2.449962052537043e-07,-2.449962052537045e-07,-2.324794976976999e-07,-2.763385445016068e-07,1.237158936468164e-06,-2.763342815957295e-07,-2.622937125245423e-07,-2.622756870786279e-07,-4.109008746395405e-07,-3.332506801530723e-07,1.74445075667274e-06,1.517437503914796e-06,1.744526898728605e-06,-4.587017676312438e-07,-3.443491072785069e-07,3.121326468085992e-06,-3.625734762827682e-07,-3.4443361202634e-07,-3.444599851333041e-07,2.885294001203278e-06,3.248954490849657e-06,2.885283445749602e-06,-3.444294023773553e-07,-6.147567075931949e-07,2.65861075332068e-06,-6.528654094762763e-07,-6.529141438336247e-07,-6.529174602136655e-07,-3.627586852337734e-07,-3.445482592560198e-07,-3.629377949551896e-07,-3.631978945755756e-07,-3.445538988065367e-07,-3.446323954804543e-07,-3.626192069595539e-07,-3.631951242418987e-07,1.610771373963072e-06,-3.446231742997723e-07,1.610721069576875e-06,1.610820500579859e-06,-3.634728043902332e-07,1.610993698097118e-06,1.611853186923569e-06,-3.634780256256499e-07,1.611130208518575e-06,1.611867469563164e-06
3.57798414257459e-07,-1.220731038241083e-07,3.578049890677584e-07,8.878589451408447e-07,8.878589451408425e-07,-1.220733655114891e-07,-2.450315505094164e-07,-2.324507202394573e-07,1.098540660623818e-06,-2.450926436296251e-07,-2.450926436296251e-07,-2.324562962093385e-07,-2.764473248763743e-07,1.237328177459077e-06,-2.764430593184351e-07,-2.622675540575332e-07,-2.622495285613433e-07,-4.108599712126097e-07,-3.332175934741231e-07,1.7446889380043e-06,1.517644245244104e-06,1.744765093097124e-06,-4.588821591485099e-07,-3.443149392861133e-07,2.885230966868223e-06,-3.627162615444476e-07,-3.443994374498504e-07,-3.44425810637278e-07,3.39708853575741e-06,2.885188116700943e-06,3.543869232367791e-06,-3.443952044878546e-07,-6.712609796097128e-07,2.658978409586264e-06,-7.136506061507684e-07,-7.137038694454042e-07,-7.137074964135174e-07,-3.629015325160587e-07,-3.445140552140906e-07,-3.630807098969705e-07,-3.633409332682734e-07,-3.445196947816575e-07,-3.445981628589359e-07,-3.627620121968846e-07,-3.633381612095468e-07,1.610990727400122e-06,-3.445889416506594e-07,1.610940414418755e-06,1.611039862410826e-06,-3.636159545296872e-07,1.611213112463805e-06,1.612072795103192e-06,-3.636211790862109e-07,1.611349646212557e-06,1.612087080973173e-06
-7.637054881241437e-08,-1.15627904488825e-07,-7.637132702414911e-08,-1.947299698741246e-07,-1.947299698741243e-07,-1.156285133707406e-07,-2.321908680286961e-07,1.088204409294766e-06,-2.417030291055872e-07,-2.322688488807656e-07,-2.322688488807655e-07,1.088223095007912e-06,-2.620110849661569e-07,-2.726409743818932e-07,-2.620011526210628e-07,1.225398602213374e-06,1.225338370639182e-06,1.590102122032218e-06,1.541274874123606e-06,-3.573085686584872e-07,-3.366441374054202e-07,-3.57317348378898e-07,-3.438147314529531e-07,1.66203661516262e-06,-3.575425916454072e-07,-4.339559058342384e-07,1.734483920919464e-06,1.734579111686572e-06,-3.575092422014975e-07,-3.575395971973397e-07,-3.575085047725763e-07,2.385486760242307e-06,1.589621710316658e-06,-3.574886732918428e-07,-3.442626643274772e-07,-3.4427650662348e-07,-3.442807917208354e-07,-4.510018801668578e-07,2.068071017635137e-06,-4.512018270227893e-07,-4.516941019438376e-07,2.068095293622905e-06,2.068911716606902e-06,-4.404636642968209e-07,-4.516856358176585e-07,-4.677643000661213e-07,2.068872018451881e-06,-4.677560918713713e-07,-4.677723160743977e-07,-4.520611683049579e-07,-4.67716421614669e-07,-4.676844125263555e-07,-4.52077678018186e-07,-4.677386861466536e-07,-4.676838451204289e-07
-7.630384779891299e-08,-1.154769227278948e-07,-7.630462548883728e-08,-1.945599818412079e-07,-1.945599818412075e-07,-1.154775308691624e-07,-2.318876980845435e-07,1.087007510747917e-06,-2.414920693222371e-07,-2.319655801437108e-07,-2.319655801437107e-07,1.08702617647597e-06,-2.616689866258003e-07,-2.724030310018e-07,-2.616590663620137e-07,1.224051457998568e-06,1.223991290812462e-06,1.896846063901328e-06,1.539579629751513e-06,-3.87460359530381e-07,-3.363504504276287e-07,-3.874698865813567e-07,-4.332885080860667e-07,1.588918363801059e-06,-6.417652382648812e-07,-3.436800808083519e-07,1.589285259430986e-06,1.589372454332973e-06,-7.011800235020174e-07,-6.417598479535978e-07,-7.011785726093431e-07,1.589569340029492e-06,3.769923654447155e-06,-5.913973702584967e-07,-7.419784449233023e-07,-7.163111212868919e-07,-7.163200500443863e-07,-3.437896923316519e-07,1.590045632183742e-06,-3.43942095502917e-07,-3.443174382626251e-07,1.590064279693657e-06,1.590692610118887e-06,-3.437353074836257e-07,-3.443109819851838e-07,-3.572978196859222e-07,1.590662116116613e-06,-3.57291543828989e-07,-3.573039486001075e-07,-3.445972592812501e-07,-3.572613552418143e-07,-3.572371736156537e-07,-3.4460984972927e-07,-3.572783783705426e-07,-3.572367446988321e-07
3.575946266904327e-07,-1.219241824502606e-07,3.576011971992312e-07,8.873322201261234e-07,8.873322201261214e-07,-1.219244436737333e-07,-2.447325890457985e-07,-2.324450626303717e-07,1.097885512465247e-06,-2.447935995764005e-07,-2.447935995764006e-07,-2.324506370781986e-07,-2.761100128815611e-07,1.236588424264166e-06,-2.761057548884038e-07,-2.622611243612332e-07,-2.622431037870237e-07,-4.108497154115897e-07,-3.33209064841643e-07,1.743646958157248e-06,1.516738940308261e-06,1.743723061367354e-06,-4.583226724701975e-07,-3.443060767021261e-07,2.658777309209554e-06,-3.622735450186284e-07,-3.443905683250381e-07,-3.444169342943554e-07,2.659204374861695e-06,2.658737809263354e-06,2.659194642993672e-06,-3.443863930036645e-07,-5.668666427411513e-07,3.037317172407598e-06,-6.012236252660424e-07,-6.012685132654335e-07,-6.012715654922975e-07,-3.624586163088363e-07,-3.445052269949948e-07,-3.626375819619642e-07,-3.628974360517252e-07,-3.445108650194403e-07,-3.445893815228236e-07,-3.623192350646771e-07,-3.628946689128932e-07,1.610029991618021e-06,-3.445801628370056e-07,1.609979712870359e-06,1.610079093196515e-06,-3.631721139172413e-07,1.610252169762572e-06,1.611111153648301e-06,-3.631773290317693e-07,1.610388610605139e-06,1.611125427883215e-06
-7.394206152479126e-08,5.54718864943393e-07,-7.394391875288452e-08,-1.891426671490069e-07,-1.891426671490062e-07,5.547209759952966e-07,1.096709055263022e-06,-2.419181873648708e-07,-2.349988215641563e-07,1.097032023073579e-06,1.097032023073578e-06,-2.419205268841926e-07,1.235278655129973e-06,-2.65212998688771e-07,1.235245133548726e-06,-2.728335651977659e-07,-2.72826006248255e-07,-4.269545350049981e-07,-3.45743723631383e-07,-3.782449722073431e-07,-3.282709883248283e-07,-3.782679380888742e-07,2.026517625465591e-06,-3.57133524160345e-07,-6.258085200440885e-07,1.605662587442925e-06,-3.572102607921307e-07,-3.572212785091378e-07,-6.836675224004078e-07,-6.257955446435005e-07,-6.836640303596312e-07,-3.573496036087661e-07,-7.755004671821945e-07,-5.766265044329953e-07,4.041924149264735e-06,3.355592127604109e-06,3.355621927636123e-06,1.606321735899705e-06,-3.574387127134424e-07,1.607072497639254e-06,1.608538896988302e-06,-3.574410696573594e-07,-3.576484904619773e-07,1.605894117038321e-06,1.608517274254409e-06,-3.495307808415134e-07,-3.576446349297324e-07,-3.495156119092525e-07,-3.495455946318244e-07,1.609803318534277e-06,-3.496537452910648e-07,-3.500273859969143e-07,1.609845102209083e-06,-3.496949156560865e-07,-3.500336185934447e-07
-7.394765841027046e-08,5.547519630164644e-07,-7.394951576575454e-08,-1.891569766685538e-07,-1.891569766685532e-07,5.547540741891889e-07,1.096774095727814e-06,-2.419281310931098e-07,-2.350165975642473e-07,1.097097082413407e-06,1.097097082413407e-06,-2.419304706702086e-07,1.23535186169544e-06,-2.652330585788981e-07,1.235318338209032e-06,-2.728447783778783e-07,-2.728372192417952e-07,-4.269720773224052e-07,-3.457579233853792e-07,-3.782735694523393e-07,-3.282958082275565e-07,-3.782965369080823e-07,2.026637685492474e-06,-3.571481903092996e-07,-6.258558425743427e-07,1.605757831361947e-06,-3.572249299712293e-07,-3.572359479590285e-07,-6.837192210582813e-07,-6.258428662842571e-07,-6.837157287781167e-07,-3.573642801085933e-07,-7.485155396554346e-07,-5.766701086960665e-07,3.355599701064852e-06,3.79317117892028e-06,3.670512905874611e-06,1.606417019822174e-06,-3.57453392492635e-07,1.607167826333055e-06,1.608634310898485e-06,-3.574557494945092e-07,-3.576631802182688e-07,1.605989374528283e-06,1.608612686934529e-06,-3.495571984748828e-07,-3.576593245911731e-07,-3.495420285030529e-07,-3.495720132804255e-07,1.609898807182777e-06,-3.496801703400115e-07,-3.500538345823879e-07,1.609940593231268e-06,-3.497213435264365e-07,-3.500600675712243e-07
-7.394801747033649e-08,5.547565586007592e-07,-7.394987483766156e-08,-1.891578966850166e-07,-1.89157896685016e-07,5.547586697920724e-07,1.09678326620623e-06,-2.419310959624734e-07,-2.350177412198158e-07,1.097106255652032e-06,1.097106255652031e-06,-2.41933435576457e-07,1.235362201945921e-06,-2.652343496181519e-07,1.235328678161492e-06,-2.728481224104138e-07,-2.728405631551357e-07,-4.269773114524102e-07,-3.457621631848208e-07,-3.782754132978995e-07,-3.282974082609444e-07,-3.782983809002791e-07,2.026654657139099e-06,-3.57152570076515e-07,-6.258588914675433e-07,1.605771253358136e-06,-3.57229310705346e-07,-3.57240328867126e-07,-6.837225516366358e-07,-6.258459150946314e-07,-6.83719059334183e-07,-3.573686622094683e-07,-7.485247071208764e-07,-5.766729178092986e-07,3.355627880902818e-06,3.670511184174787e-06,3.808803421397203e-06,1.606430447134944e-06,-3.574577757676419e-07,1.607181259870803e-06,1.608647757072137e-06,-3.574601328067278e-07,-3.576675657743236e-07,1.606002798494565e-06,1.608626132916193e-06,-3.495589042025135e-07,-3.576637100863643e-07,-3.495437341337898e-07,-3.495737191026836e-07,1.609912263982199e-06,-3.496818770697827e-07,-3.500555441418334e-07,1.60995405040239e-06,-3.497230505192174e-07,-3.500617771779343e-07
-7.380290200370142e-08,5.541292524686359e-07,-7.380475641061634e-08,-1.887870686433682e-07,-1.887870686433677e-07,5.541313615393247e-07,1.095563609629649e-06,-2.418905672393006e-07,-2.34557151551039e-07,1.095886254358585e-06,1.095886254358584e-06,-2.418929084532991e-07,1.233991128797629e-06,-2.647146241755217e-07,1.233957637993588e-06,-2.728024810479465e-07,-2.727949166172833e-07,-3.569271339307149e-07,-3.457048417625653e-07,-3.481966576825107e-07,-3.276546039576513e-07,-3.482178024740843e-07,1.603158268332396e-06,-3.735877117551631e-07,-3.496474553956667e-07,2.007903062889102e-06,-3.903226084820462e-07,-3.903346543321553e-07,-3.497838975487584e-07,-3.496402115480554e-07,-3.497821125383222e-07,-4.673718492929804e-07,-3.568467706497517e-07,-3.493449838674153e-07,1.606105213395004e-06,1.606196252461183e-06,1.606210583319518e-06,2.489682773239428e-06,-4.88037637560395e-07,2.175395246952188e-06,2.177381411351136e-06,-4.880408555834936e-07,-4.883240657808833e-07,2.037141786255713e-06,2.177352106614026e-06,-4.772675515882209e-07,-4.883188016793624e-07,-4.772468393783176e-07,-4.772877788744395e-07,2.179093159264519e-06,-4.774354494234682e-07,-4.779456273177174e-07,2.179149789820383e-06,-4.774916649318179e-07,-4.779541374523792e-07
-7.639669359269594e-08,-1.156564643401364e-07,-7.639747210565838e-08,-1.947966530299651e-07,-1.947966530299647e-07,-1.156570733844412e-07,-2.322482218942704e-07,1.088522595232259e-06,-2.417858049552249e-07,-2.323262226758312e-07,-2.32326222675831e-07,1.088541286534064e-06,-2.620758064607956e-07,-2.727343497636632e-07,-2.620658714666376e-07,1.225757046877532e-06,1.225696797281825e-06,1.590567036165806e-06,1.541725531161345e-06,-3.574309816951638e-07,-3.36759458081916e-07,-3.574397648210423e-07,-3.438996621409182e-07,1.662522524815702e-06,-3.576651234710119e-07,-4.340631358209914e-07,1.73499097879006e-06,1.735086198022178e-06,-3.57631767936581e-07,-3.576621278604503e-07,-3.576310302213417e-07,2.068055561662515e-06,1.590086482112946e-06,-3.576111787525734e-07,-3.443476928608741e-07,-3.443615381810057e-07,-3.443658244211742e-07,-4.710464600634925e-07,2.610047270747342e-06,-4.983099460497149e-07,-4.988535917931056e-07,2.463345070758195e-06,2.279172211396263e-06,-4.40572503992872e-07,-4.988442425138339e-07,-4.946056655615709e-07,2.279128465690694e-06,-4.945969871324757e-07,-4.946141407941378e-07,-4.992589782070431e-07,-5.163445557640584e-07,-5.163091437276509e-07,-4.992772101147403e-07,-5.163691304972546e-07,-5.163085160733949e-07
-7.383944813645281e-08,5.54390653623906e-07,-7.384130344236284e-08,-1.888805427111358e-07,-1.888805427111351e-07,5.543927636820095e-07,1.096079844636946e-06,-2.419981159822441e-07,-2.346732837220836e-07,1.096402640990778e-06,1.096402640990776e-06,-2.420004581811764e-07,1.234572515900584e-06,-2.648456853501377e-07,1.234539009436505e-06,-2.729237718900304e-07,-2.729162042772207e-07,-3.570858092361469e-07,-3.458585312271973e-07,-3.483690289027937e-07,-3.278168130606903e-07,-3.483901839435239e-07,1.60391371927674e-06,-3.737537931106576e-07,-3.49820523610361e-07,2.008849334987408e-06,-3.904961275008287e-07,-3.905081784161022e-07,-3.499570303775743e-07,-3.498132762517886e-07,-3.49955244501986e-07,-4.675796159875322e-07,-3.570054110785577e-07,-3.495179066815925e-07,1.606862060739908e-06,1.606953142944547e-06,1.606967480505134e-06,2.175403910033601e-06,-5.161454880634454e-07,2.745237806124622e-06,2.404188914458711e-06,-5.161488909045924e-07,-5.402697791779125e-07,2.038101843325261e-06,2.404156548037929e-06,-4.83508752158653e-07,-5.402639565712612e-07,-4.834877695761908e-07,-4.835292434873393e-07,2.406079012905041e-06,-5.285014044339021e-07,-5.290660418323003e-07,2.40614156064766e-06,-5.285636259932753e-07,-5.290754603838831e-07
-7.389157434371115e-08,5.548785886632382e-07,-7.389343110263182e-08,-1.8901395952431e-07,-1.890139595243093e-07,5.548807006342345e-07,1.097048836126316e-06,-2.422598458999529e-07,-2.34839076363454e-07,1.09737192087255e-06,1.097371920872549e-06,-2.422621910482851e-07,1.235664504169258e-06,-2.650328116436785e-07,1.235630967184592e-06,-2.732189629728361e-07,-2.732113858293523e-07,-3.574721645158403e-07,-3.462327156631369e-07,-3.486153335402631e-07,-3.280485346770352e-07,-3.486365051606584e-07,1.605331403553817e-06,-3.7415818681728e-07,-3.50068012084765e-07,2.010624235009872e-06,-3.909186506747552e-07,-3.90930716783265e-07,-3.50204637139881e-07,-3.500607590446067e-07,-3.502028498641907e-07,-4.680855802925541e-07,-3.573916730549739e-07,-3.497651489862198e-07,1.608282293645471e-06,1.608373454585638e-06,1.608387805196788e-06,2.177325706577356e-06,-5.167040417240347e-07,2.404117209851529e-06,3.238424625394855e-06,-5.167074488568829e-07,-6.348534385012626e-07,2.039902548054316e-06,3.082746819409836e-06,-4.838507894640665e-07,-6.34846588626444e-07,-4.838297904329443e-07,-4.838712968563116e-07,2.826444669790345e-06,-5.649826251769876e-07,-6.201829836744112e-07,2.826518041843808e-06,-5.650491576268334e-07,-6.201940341103654e-07
-7.639792266091899e-08,-1.156571990652403e-07,-7.639870118995987e-08,-1.947997888621473e-07,-1.947997888621469e-07,-1.15657808114639e-07,-2.322496976134177e-07,1.088534556290852e-06,-2.417896979612628e-07,-2.323276989587583e-07,-2.323276989587581e-07,1.088553247810803e-06,-2.620774718784588e-07,-2.727387415066504e-07,-2.620675368011886e-07,1.225770530601081e-06,1.225710280301449e-06,1.590584511370005e-06,1.541742471697305e-06,-3.574367413924121e-07,-3.367648833701604e-07,-3.57445524700427e-07,-3.43901847751356e-07,1.662540786830968e-06,-3.57670890884912e-07,-4.340658977448583e-07,1.735010033534263e-06,1.7351052538772e-06,-3.576375353578638e-07,-3.576678952121261e-07,-3.576367976272967e-07,2.068078258842427e-06,1.590103951846724e-06,-3.576169444911311e-07,-3.443498800100908e-07,-3.443637253778645e-07,-3.443680116538829e-07,-4.710494576747666e-07,2.463343237688288e-06,-4.983131175267164e-07,-4.988567673610224e-07,2.630570704760488e-06,2.279197217319758e-06,-4.405753075040811e-07,-4.988474180034849e-07,-4.946136403636244e-07,2.279153471104333e-06,-4.946049617543076e-07,-4.946221157721947e-07,-4.992621564495384e-07,-5.163528821511973e-07,-5.163174713951289e-07,-4.992803885107027e-07,-5.163774573948963e-07,-5.163168437617532e-07
-7.641609909768302e-08,-1.157253207598074e-07,-7.641687768373065e-08,-1.948460649629056e-07,-1.948460649629054e-07,-1.157259301237439e-07,-2.323864800832418e-07,1.088993724166489e-06,-2.418471100357455e-07,-2.324645249090796e-07,-2.324645249090793e-07,1.089012423110387e-06,-2.622318150778485e-07,-2.728034867084766e-07,-2.6222187487008e-07,1.22628705803928e-06,1.226226783835224e-06,1.59125554476601e-06,1.542392829640058e-06,-3.575214445661491e-07,-3.368447349137318e-07,-3.575302284913008e-07,-3.441043709986135e-07,1.663242312181072e-06,-3.577555073237463e-07,-4.343213997968697e-07,1.735742257075949e-06,1.735837515258236e-06,-3.577221242422034e-07,-3.577525114442099e-07,-3.577213864608507e-07,2.06895160506271e-06,1.590774789403551e-06,-3.577015772162448e-07,-3.445527142705028e-07,-3.445665692477296e-07,-3.445708577374467e-07,-4.713267160425747e-07,2.279233736339663e-06,-5.217136868936263e-07,-6.117917477086353e-07,2.279260498418461e-06,3.48491234480682e-06,-4.408346350802154e-07,-6.11780278230281e-07,-4.947306831335304e-07,3.322718365116706e-06,-4.947220039237008e-07,-4.947391591285506e-07,-6.724118450422432e-07,-5.776439667405239e-07,-6.97242845686552e-07,-6.724364139920939e-07,-5.776714621919814e-07,-6.9724200956508e-07
-7.377404777175303e-08,5.539709137686399e-07,-7.3775901540169e-08,-1.887133072186578e-07,-1.887133072186572e-07,5.539730222703481e-07,1.09525315607507e-06,-2.418508761465228e-07,-2.344655252296497e-07,1.09557571120065e-06,1.095575711200649e-06,-2.418532172276507e-07,1.233641787923362e-06,-2.64611227765505e-07,1.23360830606686e-06,-2.727577261186318e-07,-2.727501621165425e-07,-3.568686596683165e-07,-3.456481919508287e-07,-3.48060753202142e-07,-3.275266857513929e-07,-3.480818907203754e-07,1.602703819758815e-06,-3.735265105831096e-07,-3.495110798088533e-07,2.00733345651161e-06,-3.902586746217032e-07,-3.902707197991638e-07,-3.49647481854291e-07,-3.495038384519575e-07,-3.496456974575756e-07,-4.565050753175093e-07,-3.567883057397474e-07,-3.492087068886574e-07,1.60564989480339e-06,1.605740906993356e-06,1.605755234017371e-06,2.037105590599705e-06,-4.56618917140443e-07,2.038057565297101e-06,2.039918164389005e-06,-4.566219288118027e-07,-4.568868771349095e-07,2.396248596870778e-06,2.039890714906092e-06,-4.462884516366715e-07,-4.568819505883602e-07,-4.462690815931846e-07,-4.463073681798848e-07,2.041521819646554e-06,-4.464454908451173e-07,-4.469226523861046e-07,2.041574864653894e-06,-4.464980635497437e-07,-4.469306117904463e-07
-7.389103423463271e-08,5.548716624744886e-07,-7.389289097572089e-08,-1.890125755968484e-07,-1.890125755968478e-07,5.548737744174651e-07,1.097035014583076e-06,-2.422553734605411e-07,-2.348373560244559e-07,1.097358095168971e-06,1.09735809516897e-06,-2.422577185532108e-07,1.235648919525922e-06,-2.650308696008745e-07,1.235615382990502e-06,-2.732139185731583e-07,-2.732063416095514e-07,-3.574655605347744e-07,-3.462263200133717e-07,-3.486127741358079e-07,-3.280461278164498e-07,-3.486339455525391e-07,1.605311185928434e-06,-3.741512744523316e-07,-3.500654373313498e-07,2.010598934000802e-06,-3.909114282354886e-07,-3.909234940570724e-07,-3.502020607363422e-07,-3.500581843610118e-07,-3.502002734778599e-07,-4.680769310975401e-07,-3.573850707467165e-07,-3.497625774135756e-07,1.608262040561568e-06,1.608353200406146e-06,1.608367550825337e-06,2.177298315617447e-06,-5.166944930804963e-07,2.404086975212859e-06,3.082749342402159e-06,-5.166979001322765e-07,-6.34841711470895e-07,2.039876879837907e-06,3.214881163831235e-06,-4.838472316855723e-07,-6.348348617588869e-07,-4.83826232856582e-07,-4.838677388804303e-07,2.826409069855278e-06,-5.649784706715641e-07,-6.201784235464261e-07,2.826482440925269e-06,-5.650450024809909e-07,-6.2018947385612e-07
3.574566361566923e-07,-1.217652704184008e-07,3.574632033455923e-07,8.869601719941203e-07,8.869601719941187e-07,-1.217655310974395e-07,-2.444135580146518e-07,-2.325339345061749e-07,1.097420341023185e-06,-2.444744776624954e-07,-2.444744776624952e-07,-2.325395091330553e-07,-2.757500498655439e-07,1.236061899371533e-06,-2.75745800750972e-07,-2.623613306531064e-07,-2.623433095023504e-07,-3.443486940386752e-07,-3.333358730369574e-07,1.607055203700276e-06,1.516096003535701e-06,1.607125384496168e-06,-3.617731877117759e-07,-3.604557488997579e-07,1.611088869012802e-06,-4.556009406303326e-07,-3.76719116968105e-07,-3.767479444330038e-07,1.611350761221549e-06,1.611064854555467e-06,1.61134484460638e-06,-4.513668794079465e-07,-3.442207230039615e-07,1.610237024805341e-06,-3.626506632501043e-07,-3.62677765702825e-07,-3.626796010850552e-07,-4.943062515565815e-07,-4.774031324086804e-07,-5.007389997694537e-07,-5.010975990852693e-07,-4.774109396081086e-07,-4.775199532558556e-07,-4.623809637361667e-07,-5.010937845038417e-07,2.780861758804333e-06,-4.775071877676357e-07,2.556253118763485e-06,2.556410752690777e-06,-5.014768491147872e-07,2.207772013367946e-06,2.208952780275673e-06,-5.014840376014024e-07,2.207959271027451e-06,2.208972402149273e-06
-7.641408944841791e-08,-1.157241188475866e-07,-7.64148680081751e-08,-1.948409375647023e-07,-1.94840937564702e-07,-1.157247282031907e-07,-2.323840660042524e-07,1.088974163883093e-06,-2.418407445828353e-07,-2.324621099079076e-07,-2.324621099079074e-07,1.088992862470244e-06,-2.622290906777381e-07,-2.727963057710523e-07,-2.622191506059053e-07,1.226265007706913e-06,1.226204734653984e-06,1.591226967029369e-06,1.542365126263844e-06,-3.57512026888617e-07,-3.368358640274918e-07,-3.575208105159786e-07,-3.441007956331202e-07,1.66321244774469e-06,-3.577460770309226e-07,-4.343168816648917e-07,1.735711096262529e-06,1.735806352628305e-06,-3.577126939375871e-07,-3.577430812531233e-07,-3.577119561812937e-07,2.068914487648261e-06,1.590746220615099e-06,-3.576921496623362e-07,-3.445491363852097e-07,-3.445629912845111e-07,-3.445672797155932e-07,-4.713218123586432e-07,2.279192858920024e-06,-5.217082577552125e-07,-6.11785386855706e-07,2.279219620488971e-06,3.322722166236961e-06,-4.408300489171746e-07,-6.117739175342461e-07,-4.947176435416921e-07,3.451332896542177e-06,-4.947089646265247e-07,-4.947261192489507e-07,-6.724048580347951e-07,-5.77628741587061e-07,-6.972244728338863e-07,-6.724294266467831e-07,-5.776562361049987e-07,-6.972236366661927e-07
3.574463872825993e-07,-1.217600628666378e-07,3.574529542711643e-07,8.869342866100656e-07,8.869342866100645e-07,-1.21760323531395e-07,-2.444031043106345e-07,-2.325300071957342e-07,1.097388239214339e-06,-2.444640211786073e-07,-2.444640211786071e-07,-2.325355816985303e-07,-2.757382554421299e-07,1.236025702342293e-06,-2.757340065604029e-07,-2.623568985807765e-07,-2.623388778311757e-07,-3.443428672099089e-07,-3.333302342283473e-07,1.607008198513592e-06,1.516051650025152e-06,1.607078377129061e-06,-3.617577133166071e-07,-3.604496492168509e-07,1.611041733443993e-06,-4.555814444504888e-07,-3.767127410269492e-07,-3.767415678496694e-07,1.611303616279707e-06,1.611017719732932e-06,1.611297699848416e-06,-4.513592375127559e-07,-3.442148987937471e-07,1.610189916686895e-06,-3.626351546694341e-07,-3.626622560661438e-07,-3.626640913478431e-07,-4.942850981559947e-07,-4.773950480888578e-07,-5.007175710390315e-07,-5.010761534587508e-07,-4.774028551143381e-07,-4.775118684214508e-07,-4.623611769917708e-07,-5.010723390866517e-07,2.556258021949497e-06,-4.774991032176399e-07,2.673574971637249e-06,2.608972435663419e-06,-5.014553870264101e-07,2.207707507331557e-06,2.208888234216251e-06,-5.014625751134562e-07,2.207894759179084e-06,2.208907855424059e-06
3.574666450791516e-07,-1.217703560530607e-07,3.574732124636797e-07,8.869854513380952e-07,8.86985451338094e-07,-1.217706167460457e-07,-2.444237669818699e-07,-2.325377698689155e-07,1.097451691250701e-06,-2.444846893445067e-07,-2.444846893445064e-07,-2.325433446169715e-07,-2.757615681644136e-07,1.236097248941133e-06,-2.757573188224475e-07,-2.623656589600108e-07,-2.623476374174917e-07,-3.443543844470241e-07,-3.333413798270548e-07,1.607101108380794e-06,1.516139318622218e-06,1.607171291306061e-06,-3.617882998285288e-07,-3.604617057738366e-07,1.61113490102624e-06,-4.556199803708229e-07,-3.767253436323678e-07,-3.767541717244111e-07,1.611396802389647e-06,1.611110885840097e-06,1.611390885594908e-06,-4.513743423858937e-07,-3.44226410855533e-07,1.610283030010325e-06,-3.626658087549584e-07,-3.626929122389025e-07,-3.626947477193108e-07,-4.94326909718202e-07,-4.774110274525269e-07,-5.007599268149284e-07,-5.011185426310179e-07,-4.774188348218401e-07,-4.775278488022027e-07,-4.624002872382827e-07,-5.011147278451574e-07,2.556405964319881e-06,-4.775150830362314e-07,2.608962626825246e-06,2.781596078195038e-06,-5.014978087370738e-07,2.207835009151381e-06,2.209015815144359e-06,-5.015049976139012e-07,2.208022272486793e-06,2.209035437668166e-06
-7.394738610493427e-08,5.553120901181368e-07,-7.394924428765295e-08,-1.891567371905692e-07,-1.891567371905687e-07,5.55314203747432e-07,1.097906551313852e-06,-2.424563746032195e-07,-2.350164739312105e-07,1.098229889110742e-06,1.098229889110741e-06,-2.424587217160109e-07,1.236630678189337e-06,-2.652330201641064e-07,1.236597114850194e-06,-2.734406087466894e-07,-2.734330252558819e-07,-3.577621799308536e-07,-3.465136090991588e-07,-3.488787057574528e-07,-3.282963612998136e-07,-3.488998936143975e-07,1.606586475151459e-06,-3.744617401479392e-07,-3.503325052593004e-07,2.01219606572894e-06,-3.912358038929327e-07,-3.912478801115675e-07,-3.504692367772931e-07,-3.503252466565216e-07,-3.504674481308667e-07,-4.684653445162985e-07,-3.576816222245897e-07,-3.500294085527087e-07,1.609539663742342e-06,1.609630895689448e-06,1.609645257576398e-06,2.179027819344004e-06,-5.17123256222027e-07,2.405996568648617e-06,2.826432649441483e-06,-5.171266662099233e-07,-6.985731226716867e-07,2.041497261342233e-06,2.826394650282174e-06,-4.842163571809198e-07,-6.98565580912967e-07,-4.841953420449823e-07,-4.842368803009212e-07,4.113432015401285e-06,-5.654094918896139e-07,-7.513410748347366e-07,3.927479931426758e-06,-5.654760753653356e-07,-7.513544736095823e-07
3.574899071195165e-07,-1.218067577531073e-07,3.574964751311175e-07,8.870507171521873e-07,8.870507171521857e-07,-1.218070185759949e-07,-2.444968482462007e-07,-2.325074430903083e-07,1.09753367588066e-06,-2.445577917163007e-07,-2.445577917163007e-07,-2.325130176079432e-07,-2.758440265539679e-07,1.236190249215864e-06,-2.758397750935067e-07,-2.623314587433824e-07,-2.623134379451692e-07,-3.443096583913802e-07,-3.332980564901005e-07,1.607221091584387e-06,1.516252657024569e-06,1.607291281867954e-06,-3.618964915513654e-07,-3.60414892641763e-07,1.611255391157708e-06,-4.557563718442214e-07,-3.766764357175907e-07,-3.767052626268435e-07,1.611517340504937e-06,1.611231373450654e-06,1.611511423089e-06,-4.513157854921839e-07,-3.441816939130067e-07,1.61040341448288e-06,-3.627742073785873e-07,-3.628013172540558e-07,-3.628031536487995e-07,-4.944749037424608e-07,-4.984846975825046e-07,-5.47103148599599e-07,-5.853363119550204e-07,-4.984928499543751e-07,-5.573297762172085e-07,-4.625387155901353e-07,-5.853318543747477e-07,2.207692780325128e-06,-5.573148746097272e-07,2.207623766219854e-06,2.207760178613102e-06,-5.857793258005586e-07,2.941098288126055e-06,2.574756708315221e-06,-5.857877261947496e-07,2.866479957867931e-06,2.574779564212718e-06
3.576404042566263e-07,-1.219335423379156e-07,3.576469755627391e-07,8.874441566247886e-07,8.874441566247873e-07,-1.219338035700502e-07,-2.447513736569607e-07,-2.324847933488685e-07,1.098023739765937e-06,-2.448123882364855e-07,-2.448123882364854e-07,-2.324903686404627e-07,-2.761312042856013e-07,1.236743970296934e-06,-2.761269461515034e-07,-2.623059477485183e-07,-2.622879244467791e-07,-3.442766039540387e-07,-3.332659857514224e-07,1.607938540235151e-06,1.51692988594275e-06,1.608008767468191e-06,-3.622732827786887e-07,-3.603803053383196e-07,1.611975186268406e-06,-4.562312562016199e-07,-3.766403339474425e-07,-3.766691648822322e-07,1.612237327928942e-06,1.61195115590991e-06,1.612231407395711e-06,-4.512726420824331e-07,-3.441486318466695e-07,1.611122717761582e-06,-3.631517652866506e-07,-3.631788988451928e-07,-3.631807381206238e-07,-4.94990172705695e-07,-4.984371603506437e-07,-5.476733437304873e-07,-6.433112167709623e-07,-4.984453138629305e-07,-6.710673229298883e-07,-4.630206859488342e-07,-6.433063122218811e-07,2.208675111928395e-06,-6.710493670289047e-07,2.20860606159104e-06,2.208742545600173e-06,-7.811148776754669e-07,2.574527516149016e-06,3.848964486275921e-06,-7.811261049844318e-07,2.574745841865813e-06,3.679493459519295e-06
-7.394840145469815e-08,5.553254409068764e-07,-7.395025967142454e-08,-1.891593391014403e-07,-1.891593391014399e-07,5.553275545902935e-07,1.097933202069699e-06,-2.42465093177999e-07,-2.350197084284901e-07,1.098256547894607e-06,1.098256547894605e-06,-2.424674403998601e-07,1.236660729677027e-06,-2.652366715570464e-07,1.236627165469859e-06,-2.734504423197248e-07,-2.734428584764433e-07,-3.577750539425253e-07,-3.465260769520744e-07,-3.488835184649177e-07,-3.283008869862865e-07,-3.489047067103556e-07,1.606625458347255e-06,-3.744752153397199e-07,-3.503373473649438e-07,2.012244849206116e-06,-3.912498835741079e-07,-3.912619603549994e-07,-3.504740820598764e-07,-3.503300886289715e-07,-3.504722933806271e-07,-4.68482205619743e-07,-3.576944929644261e-07,-3.500342445675568e-07,1.609578715195377e-06,1.609669949251076e-06,1.609684311508901e-06,2.179080631987984e-06,-5.171418708014212e-07,2.406054863579446e-06,2.826501238520022e-06,-5.171452809481814e-07,-6.98598252005273e-07,2.04154675275959e-06,2.826463238379256e-06,-4.842230478642024e-07,-6.98590709895785e-07,-4.84202032342698e-07,-4.842435713607518e-07,3.927473862863484e-06,-5.654173047818125e-07,-7.513514433314734e-07,4.15900066688557e-06,-5.654838894791867e-07,-7.513648424001632e-07
3.575177179534692e-07,-1.218208916157481e-07,3.575242865086931e-07,8.871209592109886e-07,8.871209592109869e-07,-1.218211524773992e-07,-2.445252207398422e-07,-2.325180954111538e-07,1.097620786828996e-06,-2.445861717550178e-07,-2.445861717550177e-07,-2.325236702654307e-07,-2.758760379075647e-07,1.236288472954812e-06,-2.758717858150811e-07,-2.623434801683439e-07,-2.62325458281771e-07,-3.44325462940562e-07,-3.33313351053009e-07,1.607348644087542e-06,1.516373013997916e-06,1.607418840288074e-06,-3.619384907496836e-07,-3.604314372743464e-07,1.611383297489051e-06,-4.558092866065561e-07,-3.766937296691263e-07,-3.767225583206523e-07,1.61164527227526e-06,1.611359277756839e-06,1.611639354360352e-06,-4.51336513192877e-07,-3.441974913591728e-07,1.610531246320033e-06,-3.628162993615226e-07,-3.628434121029868e-07,-3.628452487706102e-07,-4.94532316382372e-07,-4.985075987340833e-07,-5.47166677043751e-07,-5.854042744336433e-07,-4.985157515987866e-07,-5.57355368155273e-07,-4.625924189763223e-07,-5.85399816189881e-07,2.207867792479355e-06,-5.573404656471033e-07,2.20779877256232e-06,2.207935196443024e-06,-5.858473404482682e-07,2.866464923302714e-06,2.574960907132481e-06,-5.858557421089334e-07,3.089425090026023e-06,2.5749837651349e-06
3.576429000829886e-07,-1.219356569823917e-07,3.576494714438212e-07,8.874506845742841e-07,8.874506845742824e-07,-1.2193591822136e-07,-2.44755618897702e-07,-2.324843984683258e-07,1.098031871403763e-06,-2.448166346637544e-07,-2.448166346637541e-07,-2.324899737725042e-07,-2.761359941370764e-07,1.236753158462485e-06,-2.761317358915235e-07,-2.623055029537535e-07,-2.62287479611308e-07,-3.442760273398227e-07,-3.332654263487905e-07,1.607950444844102e-06,1.516941123244593e-06,1.608020672691096e-06,-3.62279567301204e-07,-3.603797019750879e-07,1.611987129894613e-06,-4.562391768480578e-07,-3.766397041326846e-07,-3.766685351329375e-07,1.612249274757359e-06,1.611963099325909e-06,1.612243354172326e-06,-4.512718893443539e-07,-3.441480551129786e-07,1.611134653209952e-06,-3.631580625877925e-07,-3.631851965410715e-07,-3.631870358646126e-07,-4.949987669341387e-07,-4.984363308714753e-07,-5.476828540845513e-07,-6.433223813336231e-07,-4.984444844023073e-07,-6.710661912345547e-07,-4.630287247844638e-07,-6.433174766560365e-07,2.208691411259087e-06,-6.710482352929305e-07,2.208622360319718e-06,2.208758845518787e-06,-7.81128423374775e-07,2.574546534515392e-06,3.679488516163945e-06,-7.811396509832196e-07,2.574764862137285e-06,3.865593592785569e-06
