5.4972976045e-07,-9.62166729048e-08,-1.05992475423e-07,3.95968718585e-07,-9.62106993277e-08,-1.05992475423e-07,3.95968718586e-07,-9.62106993276e-08,-1.05992475424e-07,3.95968718585e-07,-9.62106993268e-08,-1.05992475424e-07,-9.62235819249e-08,1.53603561511e-07,-1.30156880573e-08,-3.97053356053e-08,1.53603561508e-07,-1.3015688057e-08,-3.97053356066e-08,1.53603561509e-07,-1.30159077328e-08,2.60890748295e-08,1.86798329093e-08,-1.39765643057e-08,-1.39779597013e-08,2.60975286719e-08,2.60678422768e-08,1.87082263626e-08,-1.39995653542e-08,2.60710262146e-08,1.87100974603e-08,-1.39998673832e-08,2.60718035631e-08,1.87106327511e-08,-1.40003953409e-08,2.60706490271e-08,1.87117889296e-08,-1.40015402621e-08,2.60706843005e-08,1.87119765058e-08,-1.40022460759e-08,2.60934305513e-08,1.86910629968e-08,-1.39658994281e-08,2.60899467102e-08,1.86859839954e-08,-1.39675701166e-08,2.60959305426e-08,2.6109169549e-08,1.86997294728e-08,-1.39748231179e-08,2.6106586672e-08,1.86997294741e-08,-1.39748231178e-08,2.61144329399e-08,1.87025575418e-08,-1.39750327583e-08,2.61144329406e-08,1.87015441867e-08,2.60907739479e-08,1.86911958823e-08,-1.39681187859e-08,2.61201813883e-08,1.8697023653e-08
-1.06073323386e-07,6.11979364264e-07,-9.62090823151e-08,-1.06078460501e-07,3.96300849155e-07,-9.62090823157e-08,-1.06078460501e-07,3.96300849156e-07,-9.62090823153e-08,-1.06078460501e-07,3.96300849159e-07,-9.62090823149e-08,6.12071704037e-07,-3.97413547707e-08,1.53693245136e-07,-1.30058502268e-08,-3.97413547694e-08,1.53693245137e-07,-1.30058502268e-08,-3.97413547699e-08,1.53642487956e-07,-1.39735549475e-08,2.61057084032e-08,1.87106903779e-08,1.87134735937e-08,-1.39864923417e-08,-1.4009974397e-08,2.60867802988e-08,1.87173394309e-08,-1.40110581769e-08,2.60879299653e-08,1.87179997538e-08,-1.40113284645e-08,2.6088409112e-08,1.87187522489e-08,-1.40117461166e-08,2.60914070268e-08,1.87208486663e-08,-1.401245327e-08,2.6092815724e-08,1.87219072112e-08,-1.39835257962e-08,2.61150649232e-08,1.86925041508e-08,-1.39826997989e-08,2.60946034417e-08,1.86941382299e-08,-1.39861716314e-08,-1.3989502954e-08,2.61067089909e-08,1.86983149857e-08,-1.3988922927e-08,2.61067089923e-08,1.86983149849e-08,-1.39900311971e-08,2.61079534779e-08,1.86981607345e-08,-1.39900311971e-08,2.61050772284e-08,-1.39756271385e-08,2.6105584386e-08,1.86899639956e-08,-1.39822362881e-08,2.61183793714e-08
-9.61410714249e-08,-1.06064857314e-07,6.11254312054e-07,-9.61427765638e-08,-1.0604688712e-07,3.95884929358e-07,-9.61427765632e-08,-1.06046887121e-07,3.95884929358e-07,-9.61427765637e-08,-1.06046887121e-07,3.95884929358e-07,-1.06085651736e-07,-1.29997566441e-08,-3.97205152392e-08,1.53543268058e-07,-1.29997566444e-08,-3.97205152397e-08,1.5354326806e-07,-1.29997566435e-08,-3.97071113813e-08,1.86795062196e-08,-1.39635924391e-08,2.61435866079e-08,2.61502830571e-08,1.86932864946e-08,1.87082197119e-08,-1.39990789981e-08,2.60788110573e-08,1.87099282218e-08,-1.40008342387e-08,2.60805190286e-08,1.87103505737e-08,-1.40012998247e-08,2.60817106791e-08,1.87104759456e-08,-1.40018277721e-08,2.60863692011e-08,1.87111336432e-08,-1.40016889889e-08,2.60881969416e-08,1.86896433028e-08,-1.39735294389e-08,2.61061838789e-08,1.86881045446e-08,-1.39729846046e-08,2.6106618736e-08,1.86926341022e-08,1.8698658392e-08,-1.39849883902e-08,2.6095480556e-08,1.86975473081e-08,-1.39849883898e-08,2.60954805571e-08,1.87003218415e-08,-1.39877613551e-08,2.60939308375e-08,1.87003218411e-08,-1.39873591364e-08,1.86817906462e-08,-1.39759809476e-08,2.60857271228e-08,1.86944457315e-08,-1.39792056949e-08
3.95965059161e-07,-9.62215243606e-08,-1.05994566533e-07,6.11401695737e-07,-9.62155503662e-08,-1.05994566534e-07,3.95980383865e-07,-9.62155503661e-08,-1.05994566534e-07,3.95980383864e-07,-9.62155503653e-08,-1.05994566534e-07,-9.62284338635e-08,1.53607639884e-07,-1.30166031093e-08,-3.97063537482e-08,1.53607639881e-07,-1.3016603109e-08,-3.97063537494e-08,1.53607639881e-07,-1.30168226567e-08,2.60892632019e-08,1.8680422361e-08,-1.39771600931e-08,-1.39785555577e-08,2.60977167506e-08,2.60680284809e-08,1.87088165649e-08,-1.40001618761e-08,2.60712124678e-08,1.8710687718e-08,-1.40004639206e-08,2.60719898282e-08,1.8711223025e-08,-1.40009919012e-08,2.60708352401e-08,1.87123792434e-08,-1.4002136877e-08,2.60708704847e-08,1.87125668283e-08,-1.4002842722e-08,2.60936186331e-08,1.86916527872e-08,-1.39664947211e-08,2.60901347231e-08,1.86865735924e-08,-1.39681654746e-08,2.60961185874e-08,2.6109357848e-08,1.87003194859e-08,-1.39754187287e-08,2.61067749184e-08,1.87003194871e-08,-1.39754187286e-08,2.61146213734e-08,1.87031476374e-08,-1.39756283736e-08,2.61146213741e-08,1.87021342467e-08,2.60909622836e-08,1.86917856529e-08,-1.39687141173e-08,2.61203703215e-08,1.8697613619e-08
-1.06065998692e-07,3.96313661455e-07,-9.61921115308e-08,-1.06071135347e-07,6.11833428685e-07,-9.61921115314e-08,-1.06071135347e-07,3.96259999998e-07,-9.61921115309e-08,-1.06071135346e-07,3.96260000001e-07,-9.61921115307e-08,3.96375752033e-07,-3.97377888565e-08,1.53678967506e-07,-1.30026503825e-08,-3.97377888552e-08,1.53678967507e-07,-1.30026503826e-08,-3.97377888557e-08,1.53628215615e-07,-1.39714712691e-08,2.6105047647e-08,1.87086243917e-08,1.87114072758e-08,-1.39844068596e-08,-1.40078860007e-08,2.60861267554e-08,1.8715273354e-08,-1.40089696098e-08,2.60872765612e-08,1.87159335972e-08,-1.40092398549e-08,2.60877557267e-08,1.8716686008e-08,-1.40096574602e-08,2.60907534068e-08,1.87187821789e-08,-1.40103645183e-08,2.60921619366e-08,1.87198406039e-08,-1.39814407449e-08,2.61144046583e-08,1.86904402768e-08,-1.39806148863e-08,2.60939452301e-08,1.86920741915e-08,-1.39840862051e-08,-1.39874169749e-08,2.61060512892e-08,1.86962506336e-08,-1.39868370464e-08,2.61060512906e-08,1.86962506328e-08,-1.3987945105e-08,2.61072960558e-08,1.86960964111e-08,-1.3987945105e-08,2.61044200468e-08,-1.39735431685e-08,2.61049254717e-08,1.8687900549e-08,-1.39801511961e-08,2.61177195989e-08
-9.61410714249e-08,-1.06064857314e-07,3.95884929356e-07,-9.61427765638e-08,-1.0604688712e-07,6.11254312055e-07,-9.61427765632e-08,-1.06046887121e-07,3.95884929358e-07,-9.61427765637e-08,-1.06046887121e-07,3.95884929358e-07,-1.06085651736e-07,-1.29997566441e-08,-3.97205152392e-08,1.53543268058e-07,-1.29997566444e-08,-3.97205152397e-08,1.5354326806e-07,-1.29997566435e-08,-3.97071113813e-08,1.86795062196e-08,-1.39635924391e-08,2.61435866079e-08,2.61502830571e-08,1.86932864946e-08,1.87082197119e-08,-1.39990789981e-08,2.60788110573e-08,1.87099282218e-08,-1.40008342387e-08,2.60805190286e-08,1.87103505737e-08,-1.40012998247e-08,2.60817106791e-08,1.87104759456e-08,-1.40018277721e-08,2.60863692011e-08,1.87111336432e-08,-1.40016889889e-08,2.60881969416e-08,1.86896433028e-08,-1.39735294389e-08,2.61061838789e-08,1.86881045446e-08,-1.39729846046e-08,2.6106618736e-08,1.86926341022e-08,1.8698658392e-08,-1.39849883902e-08,2.6095480556e-08,1.86975473081e-08,-1.39849883898e-08,2.60954805571e-08,1.87003218415e-08,-1.39877613551e-08,2.60939308375e-08,1.87003218411e-08,-1.39873591364e-08,1.86817906462e-08,-1.39759809476e-08,2.60857271228e-08,1.86944457315e-08,-1.39792056949e-08
3.95965059161e-07,-9.62215243606e-08,-1.05994566533e-07,3.95980383864e-07,-9.62155503662e-08,-1.05994566534e-07,6.11401695738e-07,-9.62155503661e-08,-1.05994566534e-07,3.95980383864e-07,-9.62155503653e-08,-1.05994566534e-07,-9.62284338635e-08,1.53607639884e-07,-1.30166031093e-08,-3.97063537482e-08,1.53607639881e-07,-1.3016603109e-08,-3.97063537494e-08,1.53607639881e-07,-1.30168226567e-08,2.60892632019e-08,1.8680422361e-08,-1.39771600932e-08,-1.39785555577e-08,2.60977167505e-08,2.60680284809e-08,1.87088165649e-08,-1.40001618761e-08,2.60712124678e-08,1.8710687718e-08,-1.40004639206e-08,2.60719898282e-08,1.8711223025e-08,-1.40009919012e-08,2.60708352401e-08,1.87123792434e-08,-1.4002136877e-08,2.60708704847e-08,1.87125668283e-08,-1.4002842722e-08,2.60936186331e-08,1.86916527872e-08,-1.39664947211e-08,2.60901347231e-08,1.86865735924e-08,-1.39681654746e-08,2.60961185874e-08,2.6109357848e-08,1.87003194859e-08,-1.39754187287e-08,2.61067749184e-08,1.87003194871e-08,-1.39754187286e-08,2.61146213734e-08,1.87031476374e-08,-1.39756283736e-08,2.61146213741e-08,1.87021342467e-08,2.60909622836e-08,1.86917856529e-08,-1.39687141173e-08,2.61203703217e-08,1.8697613619e-08
-1.06065998692e-07,3.96313661455e-07,-9.61921115308e-08,-1.06071135347e-07,3.96259999997e-07,-9.61921115314e-08,-1.06071135347e-07,6.11833428686e-07,-9.61921115309e-08,-1.06071135346e-07,3.96260000001e-07,-9.61921115307e-08,3.96375752033e-07,-3.97377888565e-08,1.53678967506e-07,-1.30026503825e-08,-3.97377888552e-08,1.53678967507e-07,-1.30026503826e-08,-3.97377888557e-08,1.53628215615e-07,-1.39714712691e-08,2.6105047647e-08,1.87086243917e-08,1.87114072758e-08,-1.39844068596e-08,-1.40078860007e-08,2.60861267554e-08,1.8715273354e-08,-1.40089696098e-08,2.60872765612e-08,1.87159335972e-08,-1.40092398549e-08,2.60877557267e-08,1.8716686008e-08,-1.40096574602e-08,2.60907534068e-08,1.87187821789e-08,-1.40103645183e-08,2.60921619366e-08,1.87198406039e-08,-1.39814407449e-08,2.61144046583e-08,1.86904402768e-08,-1.39806148863e-08,2.60939452301e-08,1.86920741915e-08,-1.39840862051e-08,-1.39874169749e-08,2.61060512892e-08,1.86962506336e-08,-1.39868370464e-08,2.61060512906e-08,1.86962506328e-08,-1.3987945105e-08,2.61072960558e-08,1.86960964111e-08,-1.3987945105e-08,2.61044200468e-08,-1.39735431685e-08,2.61049254717e-08,1.8687900549e-08,-1.39801511962e-08,2.61177195989e-08
-9.61410714249e-08,-1.06064857314e-07,3.95884929356e-07,-9.61427765638e-08,-1.0604688712e-07,3.95884929358e-07,-9.61427765632e-08,-1.06046887121e-07,6.11254312056e-07,-9.61427765637e-08,-1.06046887121e-07,3.95884929358e-07,-1.06085651736e-07,-1.29997566441e-08,-3.97205152392e-08,1.53543268058e-07,-1.29997566444e-08,-3.97205152397e-08,1.5354326806e-07,-1.29997566435e-08,-3.97071113813e-08,1.86795062196e-08,-1.39635924391e-08,2.61435866079e-08,2.61502830571e-08,1.86932864946e-08,1.87082197119e-08,-1.39990789981e-08,2.60788110573e-08,1.87099282218e-08,-1.40008342387e-08,2.60805190286e-08,1.87103505737e-08,-1.40012998247e-08,2.60817106791e-08,1.87104759456e-08,-1.40018277721e-08,2.60863692011e-08,1.87111336432e-08,-1.40016889889e-08,2.60881969416e-08,1.86896433028e-08,-1.39735294389e-08,2.61061838789e-08,1.86881045446e-08,-1.39729846046e-08,2.6106618736e-08,1.86926341022e-08,1.8698658392e-08,-1.39849883902e-08,2.6095480556e-08,1.86975473081e-08,-1.39849883898e-08,2.60954805571e-08,1.87003218415e-08,-1.39877613551e-08,2.60939308375e-08,1.87003218411e-08,-1.39873591364e-08,1.86817906462e-08,-1.39759809476e-08,2.60857271228e-08,1.86944457315e-08,-1.39792056949e-08
3.95965059161e-07,-9.62215243606e-08,-1.05994566533e-07,3.95980383864e-07,-9.62155503662e-08,-1.05994566534e-07,3.95980383865e-07,-9.62155503661e-08,-1.05994566534e-07,6.11401695736e-07,-9.62155503653e-08,-1.05994566534e-07,-9.62284338635e-08,1.53607639884e-07,-1.30166031093e-08,-3.97063537482e-08,1.53607639881e-07,-1.3016603109e-08,-3.97063537494e-08,1.53607639881e-07,-1.30168226567e-08,2.60892632019e-08,1.8680422361e-08,-1.39771600931e-08,-1.39785555576e-08,2.60977167506e-08,2.60680284809e-08,1.87088165649e-08,-1.40001618761e-08,2.60712124678e-08,1.8710687718e-08,-1.40004639206e-08,2.60719898282e-08,1.8711223025e-08,-1.40009919012e-08,2.60708352401e-08,1.87123792434e-08,-1.4002136877e-08,2.60708704847e-08,1.87125668283e-08,-1.4002842722e-08,2.60936186331e-08,1.86916527872e-08,-1.39664947211e-08,2.60901347231e-08,1.86865735924e-08,-1.39681654746e-08,2.60961185874e-08,2.6109357848e-08,1.87003194859e-08,-1.39754187287e-08,2.61067749184e-08,1.87003194871e-08,-1.39754187286e-08,2.61146213734e-08,1.87031476374e-08,-1.39756283736e-08,2.61146213741e-08,1.87021342467e-08,2.60909622836e-08,1.86917856529e-08,-1.39687141173e-08,2.61203703217e-08,1.8697613619e-08
-1.06065998692e-07,3.96313661455e-07,-9.61921115308e-08,-1.06071135347e-07,3.96259999997e-07,-9.61921115314e-08,-1.06071135347e-07,3.96259999998e-07,-9.61921115309e-08,-1.06071135346e-07,6.11833428688e-07,-9.61921115307e-08,3.96375752033e-07,-3.97377888565e-08,1.53678967506e-07,-1.30026503825e-08,-3.97377888552e-08,1.53678967507e-07,-1.30026503826e-08,-3.97377888557e-08,1.53628215615e-07,-1.39714712691e-08,2.6105047647e-08,1.87086243916e-08,1.87114072757e-08,-1.39844068596e-08,-1.40078860007e-08,2.60861267554e-08,1.8715273354e-08,-1.40089696098e-08,2.60872765612e-08,1.87159335972e-08,-1.40092398549e-08,2.60877557267e-08,1.8716686008e-08,-1.40096574602e-08,2.60907534068e-08,1.87187821789e-08,-1.40103645183e-08,2.60921619366e-08,1.87198406039e-08,-1.39814407449e-08,2.61144046583e-08,1.86904402768e-08,-1.39806148863e-08,2.60939452301e-08,1.86920741915e-08,-1.39840862051e-08,-1.39874169749e-08,2.61060512892e-08,1.86962506336e-08,-1.39868370464e-08,2.61060512906e-08,1.86962506328e-08,-1.3987945105e-08,2.61072960558e-08,1.86960964111e-08,-1.3987945105e-08,2.61044200468e-08,-1.39735431685e-08,2.61049254717e-08,1.8687900549e-08,-1.39801511961e-08,2.61177195989e-08
-9.61410714249e-08,-1.06064857314e-07,3.95884929356e-07,-9.61427765638e-08,-1.0604688712e-07,3.95884929358e-07,-9.61427765632e-08,-1.06046887121e-07,3.95884929358e-07,-9.61427765637e-08,-1.06046887121e-07,6.11254312056e-07,-1.06085651736e-07,-1.29997566441e-08,-3.97205152392e-08,1.53543268058e-07,-1.29997566444e-08,-3.97205152397e-08,1.5354326806e-07,-1.29997566435e-08,-3.97071113813e-08,1.86795062196e-08,-1.39635924391e-08,2.61435866079e-08,2.6150283057e-08,1.86932864945e-08,1.87082197119e-08,-1.39990789981e-08,2.60788110573e-08,1.87099282218e-08,-1.40008342387e-08,2.60805190286e-08,1.87103505737e-08,-1.40012998247e-08,2.60817106791e-08,1.87104759456e-08,-1.40018277721e-08,2.60863692011e-08,1.87111336432e-08,-1.40016889889e-08,2.60881969416e-08,1.86896433028e-08,-1.39735294389e-08,2.61061838789e-08,1.86881045446e-08,-1.39729846046e-08,2.6106618736e-08,1.86926341022e-08,1.8698658392e-08,-1.39849883902e-08,2.6095480556e-08,1.86975473081e-08,-1.39849883898e-08,2.60954805571e-08,1.87003218415e-08,-1.39877613551e-08,2.60939308375e-08,1.87003218411e-08,-1.39873591364e-08,1.86817906462e-08,-1.39759809476e-08,2.60857271228e-08,1.86944457314e-08,-1.39792056949e-08
-1.06081795761e-07,6.12055886238e-07,-9.62287204807e-08,-1.06086933408e-07,3.96348109647e-07,-9.62287204812e-08,-1.06086933409e-07,3.96348109648e-07,-9.62287204809e-08,-1.06086933408e-07,3.96348109651e-07,-9.62287204805e-08,8.6167232824e-07,-3.9745480075e-08,1.53709762819e-07,-1.30095532907e-08,-3.97454800736e-08,1.53709762821e-07,-1.30095532907e-08,-3.97454800742e-08,1.5365899952e-07,-1.39759660081e-08,2.61064717747e-08,1.87130806977e-08,1.87158642973e-08,-1.39889054894e-08,-1.40123909165e-08,2.60875353224e-08,1.8719729855e-08,-1.40134748941e-08,2.60886848276e-08,1.87203902702e-08,-1.40137452308e-08,2.60891639525e-08,1.87211428628e-08,-1.40141629372e-08,2.60921621388e-08,1.87232395654e-08,-1.40148702007e-08,2.60935710297e-08,1.87242982491e-08,-1.39859384453e-08,2.61158277253e-08,1.86948920265e-08,-1.39851122876e-08,2.60953638683e-08,1.86965262958e-08,-1.39885847146e-08,-1.39919166768e-08,2.61074688268e-08,1.87007034145e-08,-1.39913365359e-08,2.61074688281e-08,1.87007034136e-08,-1.39924450506e-08,2.610871299e-08,1.87005491301e-08,-1.39924450506e-08,2.61058364621e-08,-1.39780385365e-08,2.61063456253e-08,1.86923513768e-08,-1.39846489843e-08,2.61191416033e-08
1.53570163081e-07,-1.30266596467e-08,-3.97041632123e-08,1.53576553851e-07,-1.30267558329e-08,-3.97041632127e-08,1.53576553852e-07,-1.30267558322e-08,-3.97041632131e-08,1.5357655385e-07,-1.30267558314e-08,-3.97041632131e-08,-1.30265475925e-08,1.30089244509e-06,-9.83763337067e-08,-1.08060113348e-07,4.35797508199e-07,-9.83763337063e-08,-1.08060113349e-07,4.357975082e-07,-9.83624487727e-08,2.6091576722e-08,1.86881897535e-08,-1.39850520988e-08,-1.39864484766e-08,2.61000262538e-08,2.60703130291e-08,1.87165938086e-08,-1.40080635611e-08,2.60734976508e-08,1.87184656908e-08,-1.40083658112e-08,2.60742751628e-08,1.87190012114e-08,-1.40088940963e-08,2.60731198852e-08,1.87201579568e-08,-1.40100397959e-08,2.6073154743e-08,1.87203456578e-08,-1.40107460549e-08,2.60959282103e-08,1.86994246378e-08,-1.39743801691e-08,2.60924434017e-08,1.86943428854e-08,-1.39760517834e-08,2.60984276455e-08,2.6111670211e-08,1.87080942574e-08,-1.39833083748e-08,2.61090865971e-08,1.87080942587e-08,-1.39833083747e-08,2.61169355015e-08,1.87109234946e-08,-1.39835180785e-08,2.61169355023e-08,1.87099096337e-08,2.60932752956e-08,1.86995572364e-08,-1.39766000632e-08,2.61226911233e-08,1.87053877809e-08
-3.9723799162e-08,1.53693261396e-07,-1.30147744807e-08,-3.9725488252e-08,1.53670886251e-07,-1.30147744814e-08,-3.97254882525e-08,1.53670886252e-07,-1.30147744807e-08,-3.97254882522e-08,1.53670886254e-07,-1.30147744807e-08,1.53719151856e-07,-1.0814970416e-07,1.30137696203e-06,-9.82865305918e-08,-1.08149704159e-07,4.35959820833e-07,-9.82865305918e-08,-1.08149704159e-07,4.35825792448e-07,-1.39758411995e-08,2.61099861202e-08,1.87137531397e-08,1.87165368111e-08,-1.39887807107e-08,-1.40122666091e-08,2.60910549277e-08,1.87204032823e-08,-1.40133505663e-08,2.6092204783e-08,1.87210637134e-08,-1.40136208981e-08,2.60926840083e-08,1.87218163317e-08,-1.40140386187e-08,2.6095682414e-08,1.87239130923e-08,-1.40147458878e-08,2.60970913418e-08,1.87249718103e-08,-1.39858136798e-08,2.61193441748e-08,1.86955639359e-08,-1.39849875473e-08,2.60988793436e-08,1.86971982826e-08,-1.3988459948e-08,-1.39917918155e-08,2.61109868782e-08,1.87013757223e-08,-1.39912116937e-08,2.61109868796e-08,1.87013757215e-08,-1.39923201449e-08,2.61122315697e-08,1.87012214459e-08,-1.39923201448e-08,2.61093548492e-08,-1.39779137296e-08,2.61098620865e-08,1.86930233652e-08,-1.39845239602e-08,2.61226591674e-08
-1.30127541193e-08,-3.9715846559e-08,1.53495962057e-07,-1.30127264061e-08,-3.97099380327e-08,1.53495962059e-07,-1.30127264058e-08,-3.97099380331e-08,1.53495962059e-07,-1.30127264061e-08,-3.97099380338e-08,1.53495962059e-07,-3.97226834098e-08,-9.82909872949e-08,-1.08058182728e-07,1.29997831896e-06,-9.82909872952e-08,-1.08058182728e-07,4.35491276975e-07,-9.82909872948e-08,-1.08016625319e-07,1.8682627108e-08,-1.39690876172e-08,2.61349556931e-08,2.61416518169e-08,1.8696409137e-08,1.8711342282e-08,-1.40045841608e-08,2.60701517906e-08,1.87130511178e-08,-1.40063399927e-08,2.60718597254e-08,1.87134735498e-08,-1.40068057436e-08,2.60730510766e-08,1.87135988751e-08,-1.40073339926e-08,2.6077709222e-08,1.87142566377e-08,-1.40071952326e-08,2.60795365932e-08,1.86927653868e-08,-1.3979028097e-08,2.60975572593e-08,1.86912263038e-08,-1.39784821409e-08,2.60979907316e-08,1.86957566008e-08,1.87017821422e-08,-1.39904901678e-08,2.60868448302e-08,1.87006708202e-08,-1.39904901674e-08,2.60868448314e-08,1.8703446019e-08,-1.39932640401e-08,2.60852947274e-08,1.87034460186e-08,-1.39928615639e-08,1.86849118405e-08,-1.3981479914e-08,2.60770959029e-08,1.86975696359e-08,-1.39847062462e-08
1.53570163081e-07,-1.30266596467e-08,-3.97041632123e-08,1.53576553851e-07,-1.30267558329e-08,-3.97041632127e-08,1.53576553852e-07,-1.30267558322e-08,-3.97041632131e-08,1.5357655385e-07,-1.30267558314e-08,-3.97041632131e-08,-1.30265475925e-08,4.35797508202e-07,-9.83763337067e-08,-1.08060113348e-07,1.30089244508e-06,-9.83763337063e-08,-1.08060113349e-07,4.357975082e-07,-9.83624487727e-08,2.6091576722e-08,1.86881897535e-08,-1.39850520988e-08,-1.39864484766e-08,2.61000262538e-08,2.60703130291e-08,1.87165938086e-08,-1.40080635611e-08,2.60734976508e-08,1.87184656908e-08,-1.40083658112e-08,2.60742751628e-08,1.87190012114e-08,-1.40088940963e-08,2.60731198852e-08,1.87201579568e-08,-1.40100397959e-08,2.6073154743e-08,1.87203456578e-08,-1.40107460549e-08,2.60959282103e-08,1.86994246378e-08,-1.39743801691e-08,2.60924434017e-08,1.86943428854e-08,-1.39760517834e-08,2.60984276455e-08,2.6111670211e-08,1.87080942574e-08,-1.39833083748e-08,2.61090865971e-08,1.87080942587e-08,-1.39833083747e-08,2.61169355015e-08,1.87109234946e-08,-1.39835180785e-08,2.61169355023e-08,1.87099096337e-08,2.60932752956e-08,1.86995572364e-08,-1.39766000632e-08,2.6122691123e-08,1.87053877809e-08
-3.9723799162e-08,1.53693261396e-07,-1.30147744807e-08,-3.9725488252e-08,1.53670886251e-07,-1.30147744814e-08,-3.97254882525e-08,1.53670886252e-07,-1.30147744807e-08,-3.97254882522e-08,1.53670886254e-07,-1.30147744807e-08,1.53719151856e-07,-1.0814970416e-07,4.35959820833e-07,-9.82865305918e-08,-1.08149704159e-07,1.30137696203e-06,-9.82865305918e-08,-1.08149704159e-07,4.35825792448e-07,-1.39758411995e-08,2.61099861202e-08,1.87137531397e-08,1.87165368111e-08,-1.39887807108e-08,-1.40122666091e-08,2.60910549277e-08,1.87204032823e-08,-1.40133505663e-08,2.6092204783e-08,1.87210637134e-08,-1.40136208981e-08,2.60926840083e-08,1.87218163317e-08,-1.40140386187e-08,2.60956824139e-08,1.87239130923e-08,-1.40147458878e-08,2.60970913418e-08,1.87249718103e-08,-1.39858136798e-08,2.61193441748e-08,1.86955639359e-08,-1.39849875473e-08,2.60988793436e-08,1.86971982826e-08,-1.3988459948e-08,-1.39917918155e-08,2.61109868782e-08,1.87013757223e-08,-1.39912116937e-08,2.61109868796e-08,1.87013757215e-08,-1.39923201449e-08,2.61122315697e-08,1.87012214459e-08,-1.39923201448e-08,2.61093548492e-08,-1.39779137296e-08,2.61098620865e-08,1.86930233652e-08,-1.39845239602e-08,2.61226591674e-08
-1.30127541193e-08,-3.9715846559e-08,1.53495962057e-07,-1.30127264061e-08,-3.97099380327e-08,1.53495962059e-07,-1.30127264058e-08,-3.97099380331e-08,1.53495962059e-07,-1.30127264061e-08,-3.97099380338e-08,1.53495962059e-07,-3.97226834098e-08,-9.82909872949e-08,-1.08058182728e-07,4.35491276974e-07,-9.82909872952e-08,-1.08058182728e-07,1.29997831896e-06,-9.82909872948e-08,-1.08016625319e-07,1.8682627108e-08,-1.39690876172e-08,2.6134955693e-08,2.61416518168e-08,1.8696409137e-08,1.8711342282e-08,-1.40045841608e-08,2.60701517906e-08,1.87130511178e-08,-1.40063399927e-08,2.60718597254e-08,1.87134735498e-08,-1.40068057436e-08,2.60730510766e-08,1.87135988751e-08,-1.40073339926e-08,2.6077709222e-08,1.87142566377e-08,-1.40071952326e-08,2.60795365932e-08,1.86927653869e-08,-1.3979028097e-08,2.60975572593e-08,1.86912263038e-08,-1.39784821409e-08,2.60979907316e-08,1.86957566008e-08,1.87017821422e-08,-1.39904901678e-08,2.60868448302e-08,1.87006708202e-08,-1.39904901674e-08,2.60868448314e-08,1.8703446019e-08,-1.39932640401e-08,2.60852947274e-08,1.87034460186e-08,-1.39928615639e-08,1.86849118405e-08,-1.3981479914e-08,2.60770959029e-08,1.8697569636e-08,-1.39847062462e-08
1.53570163081e-07,-1.30266596467e-08,-3.97041632123e-08,1.53576553851e-07,-1.30267558329e-08,-3.97041632127e-08,1.53576553852e-07,-1.30267558322e-08,-3.97041632131e-08,1.5357655385e-07,-1.30267558314e-08,-3.97041632131e-08,-1.30265475925e-08,4.35797508202e-07,-9.83763337067e-08,-1.08060113348e-07,4.35797508199e-07,-9.83763337063e-08,-1.08060113349e-07,1.30089244508e-06,-9.83624487727e-08,2.6091576722e-08,1.86881897535e-08,-1.39850520988e-08,-1.39864484766e-08,2.61000262538e-08,2.60703130291e-08,1.87165938086e-08,-1.40080635611e-08,2.60734976508e-08,1.87184656908e-08,-1.40083658112e-08,2.60742751628e-08,1.87190012114e-08,-1.40088940963e-08,2.60731198852e-08,1.87201579568e-08,-1.40100397959e-08,2.6073154743e-08,1.87203456578e-08,-1.40107460549e-08,2.60959282103e-08,1.86994246379e-08,-1.39743801691e-08,2.60924434017e-08,1.86943428854e-08,-1.39760517834e-08,2.60984276455e-08,2.6111670211e-08,1.87080942574e-08,-1.39833083748e-08,2.61090865971e-08,1.87080942587e-08,-1.39833083747e-08,2.61169355015e-08,1.87109234946e-08,-1.39835180785e-08,2.61169355023e-08,1.87099096337e-08,2.60932752956e-08,1.86995572364e-08,-1.39766000632e-08,2.61226911231e-08,1.87053877809e-08
-3.97157138201e-08,1.53660871473e-07,-1.30075139727e-08,-3.97174025194e-08,1.53638501618e-07,-1.30075139735e-08,-3.97174025199e-08,1.53638501619e-07,-1.30075139728e-08,-3.97174025195e-08,1.53638501621e-07,-1.30075139728e-08,1.53686755812e-07,-1.08132780032e-07,4.35857997642e-07,-9.82472212032e-08,-1.08132780031e-07,4.35857997642e-07,-9.82472212032e-08,-1.08132780031e-07,8.11696601056e-07,-1.39711136884e-08,2.61084863368e-08,1.87090656255e-08,1.87118485443e-08,-1.39840491073e-08,-1.40075283937e-08,2.60895715082e-08,1.87157155625e-08,-1.40086119633e-08,2.60907216794e-08,1.87163758126e-08,-1.40088821987e-08,2.60912009472e-08,1.87171282396e-08,-1.4009299813e-08,2.60941988204e-08,1.87192244409e-08,-1.40100068661e-08,2.60956073685e-08,1.87202828869e-08,-1.39810830539e-08,2.61178455058e-08,1.86908812142e-08,-1.3980257236e-08,2.60973853333e-08,1.86925151879e-08,-1.39837284711e-08,-1.39870590844e-08,2.61094940241e-08,1.86966919159e-08,-1.39864791859e-08,2.61094940256e-08,1.8696691915e-08,-1.39875871575e-08,2.611073935e-08,1.86965377044e-08,-1.39875871574e-08,2.61078631753e-08,-1.39731855568e-08,2.61083664817e-08,1.86883416132e-08,-1.39797932421e-08,2.61211616154e-08
2.60781515572e-08,1.86892870248e-08,-1.39685447468e-08,2.60797411291e-08,1.86868932998e-08,-1.39685447471e-08,2.60797411296e-08,1.86868932999e-08,-1.39685447473e-08,2.6079741129e-08,1.86868933001e-08,-1.39685447471e-08,1.86920566983e-08,2.61008911732e-08,1.86923456195e-08,-1.39691601282e-08,2.61008911726e-08,1.86923456197e-08,-1.39691601285e-08,2.61008911726e-08,1.86869145892e-08,3.79825141931e-07,1.86725205772e-08,-1.39722987032e-08,-1.39736937456e-08,4.53395955604e-08,2.60526800247e-08,1.87009017827e-08,-1.39952908147e-08,2.6055862316e-08,1.87027721195e-08,-1.39955927719e-08,2.60566392613e-08,1.87033071955e-08,-1.39961205719e-08,2.60554850562e-08,1.87044629484e-08,-1.39972651889e-08,2.60555200835e-08,1.87046504729e-08,-1.39979707962e-08,2.60782666208e-08,1.86837461454e-08,-1.39616367702e-08,2.60747844627e-08,1.86786688745e-08,-1.39633069006e-08,2.60807647306e-08,2.60939972804e-08,1.86924088339e-08,-1.39705572494e-08,2.60914156399e-08,1.86924088347e-08,-1.39705572495e-08,2.6099258365e-08,1.86952357435e-08,-1.39707667907e-08,2.60992583656e-08,1.86942227568e-08,2.60756136893e-08,1.86838787927e-08,-1.39638550126e-08,2.61050070452e-08,1.86897043719e-08
-1.39683830553e-08,2.6084972286e-08,1.867680016e-08,-1.39687398454e-08,2.60794096121e-08,1.86768001598e-08,-1.39687398458e-08,2.60794096133e-08,1.86768001602e-08,-1.39687398458e-08,2.60794096138e-08,1.867680016e-08,2.60914095709e-08,-1.39734190662e-08,2.60892367596e-08,1.86818516352e-08,-1.39734190658e-08,2.60892367603e-08,1.86818516349e-08,-1.39734190658e-08,2.60766163366e-08,-1.3962260716e-08,3.52601489862e-07,-2.89208390325e-08,-2.8921824417e-08,-5.19415629307e-08,-1.39986477179e-08,2.60520244719e-08,1.86991486166e-08,-1.39997306608e-08,2.60531718966e-08,1.86998083265e-08,-1.40000007396e-08,2.60536502746e-08,1.87005600954e-08,-1.40004179887e-08,2.60566448691e-08,1.87026545389e-08,-1.40011245275e-08,2.60580522474e-08,1.87037120678e-08,-1.39722230243e-08,2.6080296811e-08,1.8674339748e-08,-1.39713976291e-08,2.60598560832e-08,1.86759721709e-08,-1.39748666388e-08,-1.39781955061e-08,2.60719420691e-08,1.86801442446e-08,-1.39776158969e-08,2.60719420702e-08,1.86801442446e-08,-1.39787234663e-08,2.60731835852e-08,1.86799900946e-08,-1.39787234659e-08,2.60703104574e-08,-1.39643311588e-08,2.6070824203e-08,1.86718014399e-08,-1.39709355428e-08,2.60836044133e-08
1.86969176614e-08,-1.39945223836e-08,2.60710808555e-08,1.86976021768e-08,-1.39932713376e-08,2.60710808554e-08,1.86976021771e-08,-1.39932713382e-08,2.60710808555e-08,1.86976021771e-08,-1.39932713382e-08,2.60710808554e-08,-1.39959696787e-08,1.87066473814e-08,-1.39968137437e-08,2.60911375975e-08,1.87066473812e-08,-1.39968137441e-08,2.60911375983e-08,1.87066473815e-08,-1.39939751705e-08,1.86903350561e-08,-5.19457654149e-08,1.24634361066e-06,1.24652870236e-06,-1.30359144959e-07,1.87190573189e-08,-1.40151982349e-08,2.60610263227e-08,1.87207669212e-08,-1.40169552464e-08,2.606273447e-08,1.8721189542e-08,-1.40174213221e-08,2.60639255514e-08,1.87213148159e-08,-1.40179501152e-08,2.60685838551e-08,1.87219727811e-08,-1.40178113689e-08,2.60704109499e-08,1.87004767577e-08,-1.39896282117e-08,2.60884859782e-08,1.86989369361e-08,-1.3989080456e-08,2.6088917403e-08,1.87034690751e-08,1.8709497477e-08,-1.40010968519e-08,2.60777579531e-08,1.87083856168e-08,-1.40010968515e-08,2.60777579523e-08,1.87111622683e-08,-1.40038725472e-08,2.60762070181e-08,1.87111622682e-08,-1.40034696147e-08,1.86926206155e-08,-1.3992080886e-08,2.60680143735e-08,1.87052845438e-08,-1.39953101476e-08
1.86992813947e-08,-1.3996975746e-08,2.60715684162e-08,1.86999660036e-08,-1.39957244481e-08,2.60715684161e-08,1.86999660039e-08,-1.39957244487e-08,2.60715684161e-08,1.86999660039e-08,-1.39957244486e-08,2.6071568416e-08,-1.39984233325e-08,1.87090124455e-08,-1.39992675077e-08,2.60916274239e-08,1.87090124452e-08,-1.39992675081e-08,2.60916274246e-08,1.87090124456e-08,-1.39964283629e-08,1.86926980115e-08,-5.19504375804e-08,1.24650152233e-06,1.50083912214e-06,-1.33822491827e-07,1.87214232321e-08,-1.40176545002e-08,2.60615076987e-08,1.87231330594e-08,-1.40194117982e-08,2.60632159924e-08,1.87235557357e-08,-1.40198779517e-08,2.60644071166e-08,1.87236810108e-08,-1.40204068578e-08,2.60690657596e-08,1.87243390494e-08,-1.4020268104e-08,2.60708929396e-08,1.87028408877e-08,-1.39920807609e-08,2.60889768938e-08,1.87013008567e-08,-1.39915327132e-08,2.60894080582e-08,1.8705833565e-08,1.8711862782e-08,-1.40035511115e-08,2.60782459307e-08,1.87107507698e-08,-1.40035511112e-08,2.60782459299e-08,1.8713527816e-08,-1.40063272538e-08,2.60766947725e-08,1.8713527816e-08,-1.40059242292e-08,1.86949838435e-08,-1.39945337234e-08,2.60685024454e-08,1.87076495017e-08,-1.39977636194e-08
2.61104224089e-08,1.87046797173e-08,-1.39774219614e-08,2.61120135932e-08,1.87022841146e-08,-1.39774219615e-08,2.61120135942e-08,1.87022841148e-08,-1.39774219618e-08,2.61120135935e-08,1.87022841152e-08,-1.39774219617e-08,1.87074515634e-08,2.61331850412e-08,1.87077408314e-08,-1.39780370007e-08,2.61331850402e-08,1.87077408316e-08,-1.39780370008e-08,2.61331850404e-08,1.87023055406e-08,4.5369191083e-08,-2.89230519502e-08,-1.37426283086e-07,-1.40890443006e-07,1.93853165773e-06,2.60849508441e-08,1.87163061163e-08,-1.40041873523e-08,2.60881366275e-08,1.87181780552e-08,-1.40044894568e-08,2.60889144298e-08,1.87187135834e-08,-1.40050175845e-08,2.60877595388e-08,1.871987023e-08,-1.40061628308e-08,2.60877951026e-08,1.87200578604e-08,-1.40068688666e-08,2.6110540325e-08,1.86991341454e-08,-1.39705084199e-08,2.61070546031e-08,1.86940532565e-08,-1.39721797158e-08,2.61130424624e-08,2.6126288691e-08,1.87078048315e-08,-1.39794356296e-08,2.61237044318e-08,1.87078048323e-08,-1.39794356294e-08,2.61315546437e-08,1.87106341834e-08,-1.39796453794e-08,2.61315546445e-08,1.8709620424e-08,2.610787947e-08,1.86992673097e-08,-1.39727290262e-08,2.61373026448e-08,1.87050974908e-08
2.61923028453e-08,1.87271380997e-08,-1.39819030245e-08,2.6193897359e-08,1.87247400598e-08,-1.39819030246e-08,2.61938973594e-08,1.87247400599e-08,-1.39819030249e-08,2.61938973594e-08,1.87247400601e-08,-1.39819030247e-08,1.87299127657e-08,2.62151128837e-08,1.87302028904e-08,-1.3982514828e-08,2.62151128823e-08,1.87302028902e-08,-1.39825148283e-08,2.62151128826e-08,1.87247620695e-08,2.61880329816e-08,1.87103354445e-08,-1.39856500387e-08,-1.39870455133e-08,2.61965503654e-08,1.17480296895e-06,-2.3673996582e-07,-2.30888126609e-07,1.07870410092e-06,-2.52268320139e-07,-2.45935316268e-07,1.0787291937e-06,-2.52277398865e-07,-2.45945924381e-07,1.07873119581e-06,-2.5228333435e-07,-2.45982220421e-07,1.07876565022e-06,-2.52277872685e-07,-2.45997905702e-07,2.61924338109e-08,1.8721585265e-08,-1.39749817654e-08,2.61889406486e-08,1.87165009149e-08,-1.39766540848e-08,2.61949481768e-08,2.6208223329e-08,1.87302704025e-08,-1.39839168082e-08,2.62056336623e-08,1.87302704033e-08,-1.39839168081e-08,2.62134981105e-08,1.87331036859e-08,-1.39841269777e-08,2.62134981106e-08,1.87320889979e-08,2.61897428954e-08,1.87217204978e-08,-1.39772075524e-08,2.62192276647e-08,1.87275567598e-08
-1.39818648106e-08,2.61953989987e-08,1.87138985431e-08,-1.39822217504e-08,2.61898195147e-08,1.87138985432e-08,-1.39822217507e-08,2.61898195159e-08,1.87138985432e-08,-1.39822217511e-08,2.61898195168e-08,1.8713898543e-08,2.62018557344e-08,-1.39869028732e-08,2.61996815382e-08,1.87189570763e-08,-1.39869028727e-08,2.61996815395e-08,1.8718957076e-08,-1.39869028726e-08,2.61870229776e-08,-1.39757350469e-08,2.61812947322e-08,1.87296308054e-08,1.87324162994e-08,-1.39886772351e-08,-2.30815870875e-07,1.13367340707e-06,-2.4558207697e-07,-2.30840747149e-07,1.01136256623e-06,-2.36708667283e-07,-2.30846850665e-07,1.01139041673e-06,-2.36717246718e-07,-2.30842114273e-07,1.01145853653e-06,-2.36732391086e-07,-2.30846063546e-07,1.01147333065e-06,-2.36743469236e-07,-1.39857099712e-08,2.61906944542e-08,1.87114284749e-08,-1.39848841885e-08,2.61702077026e-08,1.87130645632e-08,-1.39883566511e-08,-1.39916872526e-08,2.61823663615e-08,1.87172488109e-08,-1.39911074005e-08,2.61823663631e-08,1.87172488106e-08,-1.39922148226e-08,2.61836213361e-08,1.871709466e-08,-1.39922148219e-08,2.61807404725e-08,-1.39778079449e-08,2.61812110407e-08,1.87088889987e-08,-1.39844151088e-08,2.61940312511e-08
1.87145740035e-08,-1.39896904376e-08,2.61697894202e-08,1.87152589815e-08,-1.39884406844e-08,2.61697894202e-08,1.87152589817e-08,-1.39884406846e-08,2.61697894209e-08,1.87152589817e-08,-1.39884406848e-08,2.616978942e-08,-1.39911362372e-08,1.87243102547e-08,-1.39919810085e-08,2.61898722253e-08,1.87243102545e-08,-1.39919810086e-08,2.61898722261e-08,1.87243102548e-08,-1.39891453678e-08,1.8707983749e-08,-1.39748503957e-08,2.62246737178e-08,2.62313849553e-08,1.87217867713e-08,-2.36811222115e-07,-2.39393399832e-07,1.24536184269e-06,-2.36827594475e-07,-2.30798338109e-07,1.01120549627e-06,-2.36831705506e-07,-2.30803678647e-07,1.01124672991e-06,-2.3684198643e-07,-2.3082448826e-07,1.01136704217e-06,-2.36856074927e-07,-2.30832222031e-07,1.01142566118e-06,1.8718137866e-08,-1.39847967711e-08,2.61871805225e-08,1.87165969768e-08,-1.39842543776e-08,2.61876206647e-08,1.87211334952e-08,1.87271661915e-08,-1.39962693707e-08,2.61764840933e-08,1.87260535801e-08,-1.39962693706e-08,2.61764840938e-08,1.87288317037e-08,-1.39990451553e-08,2.61749324092e-08,1.87288317032e-08,-1.39986429277e-08,1.87102718986e-08,-1.39872523394e-08,2.61666963293e-08,1.87229443866e-08,-1.3990478685e-08
2.61937247996e-08,1.87287288581e-08,-1.3983286173e-08,2.61953194262e-08,1.87263306076e-08,-1.39832861731e-08,2.61953194266e-08,1.87263306076e-08,-1.39832861735e-08,2.61953194266e-08,1.87263306079e-08,-1.39832861732e-08,1.87315037679e-08,2.62165364566e-08,1.87317939091e-08,-1.39838980916e-08,2.62165364552e-08,1.87317939089e-08,-1.3983898092e-08,2.62165364555e-08,1.87263526103e-08,2.61894549092e-08,1.87119248051e-08,-1.39870336959e-08,-1.39884293204e-08,2.61979723082e-08,1.0786908837e-06,-2.36765326013e-07,-2.30903938847e-07,1.26505431063e-06,-2.58666472613e-07,-2.52133987412e-07,1.1249449263e-06,-2.6294574051e-07,-2.56287981608e-07,1.1249473544e-06,-2.62951928295e-07,-2.56325805574e-07,1.12498351048e-06,-2.62946236742e-07,-2.56342150762e-07,2.61938555712e-08,1.87231755614e-08,-1.39763643168e-08,2.61903621639e-08,1.87180907374e-08,-1.39780367938e-08,2.61963700041e-08,2.62096460771e-08,1.87318613724e-08,-1.39853001643e-08,2.6207056227e-08,1.87318613732e-08,-1.39853001643e-08,2.62149212668e-08,1.8734694888e-08,-1.39855103491e-08,2.62149212669e-08,1.87336801092e-08,2.6191164854e-08,1.87233107753e-08,-1.39785902529e-08,2.62206517107e-08,1.87291475477e-08
-1.39830702164e-08,2.61997813204e-08,1.87159870802e-08,-1.39834271821e-08,2.61942010705e-08,1.87159870803e-08,-1.39834271825e-08,2.61942010716e-08,1.87159870804e-08,-1.39834271829e-08,2.61942010725e-08,1.87159870802e-08,2.62062389427e-08,-1.39881086434e-08,2.62040645768e-08,1.87210461039e-08,-1.39881086429e-08,2.6204064578e-08,1.87210461036e-08,-1.39881086428e-08,2.61914042781e-08,-1.39769398865e-08,2.61856739875e-08,1.87317209109e-08,1.87345066997e-08,-1.39898832728e-08,-2.45880484134e-07,1.01138615943e-06,-2.36722354028e-07,-2.52087672641e-07,1.19400791292e-06,-2.58586739725e-07,-2.52094338209e-07,1.10629220332e-06,-2.58596112328e-07,-2.52089163931e-07,1.10636593678e-06,-2.58612658905e-07,-2.52093475415e-07,1.10638147488e-06,-2.58624761468e-07,-1.39869157455e-08,2.61950757586e-08,1.87135166176e-08,-1.39860899018e-08,2.61745865856e-08,1.87151528991e-08,-1.39895626664e-08,-1.39928935182e-08,2.61867478128e-08,1.87193377105e-08,-1.3992313624e-08,2.61867478143e-08,1.87193377101e-08,-1.39934211112e-08,2.6188003201e-08,1.871918355e-08,-1.39934211106e-08,2.61851219653e-08,-1.39790129746e-08,2.6185591486e-08,1.87109769545e-08,-1.39856206186e-08,2.6198413491e-08
1.87151170763e-08,-1.39902882855e-08,2.61697611127e-08,1.87158020762e-08,-1.39890384698e-08,2.61697611127e-08,1.87158020763e-08,-1.398903847e-08,2.61697611134e-08,1.87158020764e-08,-1.39890384702e-08,2.61697611125e-08,-1.39917341576e-08,1.87248536383e-08,-1.39925789544e-08,2.61898444249e-08,1.87248536381e-08,-1.39925789544e-08,2.61898444256e-08,1.87248536384e-08,-1.39897431717e-08,1.87085266458e-08,-1.39754476482e-08,2.62246466876e-08,2.62313580323e-08,1.87223300356e-08,-2.52321638354e-07,-2.30785119645e-07,1.01119275067e-06,-2.58711312912e-07,-2.52008931063e-07,1.19917740419e-06,-2.58715804168e-07,-2.52014761892e-07,1.10603343739e-06,-2.58727032614e-07,-2.52037486572e-07,1.10616405173e-06,-2.587424213e-07,-2.52045933271e-07,1.10622796725e-06,1.87186810273e-08,-1.39853944225e-08,2.61871530435e-08,1.87171400893e-08,-1.39848519508e-08,2.618759311e-08,1.87216767383e-08,1.87277096245e-08,-1.39968674281e-08,2.61764558602e-08,1.87265969777e-08,-1.3996867428e-08,2.61764558607e-08,1.8729375194e-08,-1.39996433202e-08,2.61749041235e-08,1.87293751936e-08,-1.39992410694e-08,1.87108148572e-08,-1.3987850056e-08,2.61666681842e-08,1.87234877491e-08,-1.39910765586e-08
2.61940880733e-08,1.87291235506e-08,-1.39836268066e-08,2.61956827282e-08,1.87267252478e-08,-1.39836268068e-08,2.61956827286e-08,1.87267252479e-08,-1.39836268071e-08,2.61956827285e-08,1.87267252481e-08,-1.39836268068e-08,1.87318985207e-08,2.6216900136e-08,1.87321886662e-08,-1.3984238753e-08,2.62169001346e-08,1.87321886659e-08,-1.39842387533e-08,2.62169001349e-08,1.87267472489e-08,2.61898181719e-08,1.87123191504e-08,-1.39873744533e-08,-1.39887701145e-08,2.61983355839e-08,1.07871286933e-06,-2.36771549851e-07,-2.30907911643e-07,1.12494178306e-06,-2.58673271789e-07,-2.52138325179e-07,1.30606796574e-06,-2.6504316025e-07,-2.62715073575e-07,1.13403216667e-06,-2.69578368122e-07,-2.58358905624e-07,1.13406865721e-06,-2.65043660907e-07,-2.58375380525e-07,2.61942187994e-08,1.8723570139e-08,-1.39767048023e-08,2.61907253306e-08,1.87184851981e-08,-1.39783773183e-08,2.61967332508e-08,2.6210009555e-08,1.8732256118e-08,-1.3985640849e-08,2.6207419659e-08,1.87322561188e-08,-1.39856408489e-08,2.62152848465e-08,1.87350896913e-08,-1.39858510375e-08,2.62152848466e-08,1.87340748901e-08,2.61915281258e-08,1.87237053486e-08,-1.3978930776e-08,2.62210155058e-08,1.87295422475e-08
-1.39834349316e-08,2.62008535931e-08,1.87165622501e-08,-1.39837919057e-08,2.61952731454e-08,1.87165622502e-08,-1.39837919061e-08,2.61952731465e-08,1.87165622502e-08,-1.39837919065e-08,2.61952731474e-08,1.871656225e-08,2.62073114442e-08,-1.39884734772e-08,2.62051370248e-08,1.87216214157e-08,-1.39884734767e-08,2.6205137026e-08,1.87216214154e-08,-1.39884734766e-08,2.61924762775e-08,-1.39773044349e-08,2.61867455534e-08,1.87322965301e-08,1.87350824016e-08,-1.39902481738e-08,-2.45889386985e-07,1.01141833064e-06,-2.36727883034e-07,-2.56239125312e-07,1.10629662874e-06,-2.58592779822e-07,-2.58273921477e-07,1.22684720225e-06,-2.64960757103e-07,-2.61639137722e-07,1.13397062533e-06,-2.6845129746e-07,-2.61643611953e-07,1.14904631063e-06,-2.6846386068e-07,-1.39872805678e-08,2.61961477965e-08,1.87140916899e-08,-1.39864547045e-08,2.61756579692e-08,1.87157280235e-08,-1.398992756e-08,-1.3993258492e-08,2.61878197918e-08,1.87199129812e-08,-1.39926785841e-08,2.61878197934e-08,1.87199129809e-08,-1.39937860947e-08,2.61890752687e-08,1.87197588174e-08,-1.3993786094e-08,2.61861939352e-08,-1.39793775791e-08,2.6186663269e-08,1.87115519663e-08,-1.39859853791e-08,2.61994857345e-08
1.87158481684e-08,-1.39908696716e-08,2.61706402844e-08,1.87165331953e-08,-1.39896198023e-08,2.61706402844e-08,1.87165331955e-08,-1.39896198024e-08,2.61706402851e-08,1.87165331955e-08,-1.39896198026e-08,2.61706402842e-08,-1.39923156056e-08,1.87255851158e-08,-1.39931604356e-08,2.61907243674e-08,1.87255851156e-08,-1.39931604356e-08,2.61907243681e-08,1.87255851159e-08,-1.39903245313e-08,1.87092574832e-08,-1.39760284246e-08,2.62255279461e-08,2.62322395371e-08,1.87230614058e-08,-2.52332492232e-07,-2.30793457524e-07,1.01123166791e-06,-2.62993167108e-07,-2.5201803543e-07,1.10603106516e-06,-2.69618233582e-07,-2.58192370815e-07,1.26749841355e-06,-2.65100101923e-07,-2.68003347274e-07,1.133771457e-06,-2.65115869243e-07,-2.5822430755e-07,1.13383691506e-06,1.87194122559e-08,-1.39859756075e-08,2.61880329534e-08,1.87178712569e-08,-1.39854331032e-08,2.61884730211e-08,1.87224080829e-08,1.87284412075e-08,-1.39974490745e-08,2.61773352717e-08,1.87273285166e-08,-1.39974490744e-08,2.61773352722e-08,1.87301068438e-08,-1.40002250799e-08,2.61757834729e-08,1.87301068433e-08,-1.39998228113e-08,1.87115457831e-08,-1.39884313358e-08,2.61675472809e-08,1.87242191767e-08,-1.39916579759e-08
2.61958686828e-08,1.8729446747e-08,-1.39835446712e-08,2.61974634026e-08,1.87270484144e-08,-1.39835446713e-08,2.6197463403e-08,1.87270484145e-08,-1.39835446716e-08,2.61974634029e-08,1.87270484147e-08,-1.39835446713e-08,1.87322217517e-08,2.6218681667e-08,1.87325119155e-08,-1.39841565235e-08,2.62186816656e-08,1.87325119153e-08,-1.39841565239e-08,2.62186816659e-08,1.87270704305e-08,2.61915981518e-08,1.8712642008e-08,-1.39872920674e-08,-1.39886877009e-08,2.62001168826e-08,1.0787367416e-06,-2.36766947619e-07,-2.30918184649e-07,1.12496633757e-06,-2.5866824649e-07,-2.52149544836e-07,1.13405434352e-06,-2.68512386668e-07,-2.58332276666e-07,1.2871069231e-06,-2.65044248787e-07,-2.74958732492e-07,1.20819129196e-06,-2.82131262225e-07,-2.74976266251e-07,2.61959997506e-08,1.87238932238e-08,-1.39766225627e-08,2.61925061359e-08,1.87188082644e-08,-1.39782950817e-08,2.6198514488e-08,2.62117913635e-08,1.87325794588e-08,-1.39855586877e-08,2.62092013622e-08,1.87325794596e-08,-1.39855586877e-08,2.62170668119e-08,1.87354130951e-08,-1.39857688843e-08,2.6217066812e-08,1.87343982839e-08,2.61933083242e-08,1.87240284859e-08,-1.39788486409e-08,2.62227969038e-08,1.87298654613e-08
-1.39844822644e-08,2.62007990361e-08,1.87175128527e-08,-1.39848392698e-08,2.61952184411e-08,1.87175128527e-08,-1.39848392702e-08,2.61952184423e-08,1.87175128528e-08,-1.39848392705e-08,2.61952184432e-08,1.87175128526e-08,2.62072570577e-08,-1.39895212537e-08,2.62050824585e-08,1.87225723456e-08,-1.39895212533e-08,2.62050824598e-08,1.87225723453e-08,-1.39895212532e-08,2.61924213772e-08,-1.39783513444e-08,2.6186691697e-08,1.87332481096e-08,1.87360341379e-08,-1.39912959745e-08,-2.45894892059e-07,1.01146404802e-06,-2.36748960283e-07,-2.56244861218e-07,1.10634741181e-06,-2.58615801676e-07,-2.62673291887e-07,1.1339475157e-06,-2.75073661534e-07,-2.58274400619e-07,1.34699438919e-06,-2.65001301804e-07,-2.58278817277e-07,1.13403864168e-06,-2.65013703582e-07,-1.39883281534e-08,2.6196093468e-08,1.87150422797e-08,-1.39875022185e-08,2.61756027282e-08,1.87166786864e-08,-1.39909753317e-08,-1.39943065482e-08,2.61877640183e-08,1.87208637648e-08,-1.39937265893e-08,2.61877640199e-08,1.87208637645e-08,-1.39948342117e-08,2.61890192992e-08,1.87207095859e-08,-1.3994834211e-08,2.61861378674e-08,-1.3980424633e-08,2.61866082695e-08,1.87125023355e-08,-1.39870330129e-08,2.61994310409e-08
1.87176859298e-08,-1.39926666005e-08,2.61714730476e-08,1.87183710283e-08,-1.39914165504e-08,2.61714730476e-08,1.87183710285e-08,-1.39914165506e-08,2.61714730484e-08,1.87183710285e-08,-1.39914165508e-08,2.61714730475e-08,-1.39941127436e-08,1.87274238957e-08,-1.39949576587e-08,2.61915589358e-08,1.87274238955e-08,-1.39949576587e-08,2.61915589365e-08,1.87274238957e-08,-1.39921213443e-08,1.87110946311e-08,-1.39778235327e-08,2.62263654036e-08,2.62330774605e-08,1.87248998361e-08,-2.52369370366e-07,-2.30807896927e-07,1.01132387335e-06,-2.6303160221e-07,-2.52033799183e-07,1.10613289039e-06,-2.65127338683e-07,-2.61578251889e-07,1.13374246842e-06,-2.82238042625e-07,-2.5823180423e-07,1.36710701518e-06,-2.97058171596e-07,-2.94752163839e-07,1.29709406819e-06,1.87212503343e-08,-1.39877719356e-08,2.61888681386e-08,1.8719709175e-08,-1.39872292403e-08,2.61893080547e-08,1.87242464442e-08,1.8730280194e-08,-1.39992466904e-08,2.61781684281e-08,1.87291673868e-08,-1.39992466902e-08,2.61781684286e-08,1.87319460137e-08,-1.40020230277e-08,2.61766164602e-08,1.87319460132e-08,-1.40016206942e-08,1.87133831456e-08,-1.39902278915e-08,2.61683802964e-08,1.87260578632e-08,-1.39934549883e-08
2.6197853507e-08,1.87302361641e-08,-1.39839196503e-08,2.61994483187e-08,1.87278377381e-08,-1.39839196504e-08,2.61994483191e-08,1.87278377382e-08,-1.39839196507e-08,2.6199448319e-08,1.87278377384e-08,-1.39839196504e-08,1.87330112769e-08,2.62206678026e-08,1.87333014619e-08,-1.39845314592e-08,2.62206678012e-08,1.87333014616e-08,-1.39845314595e-08,2.62206678015e-08,1.87278597649e-08,2.61935824274e-08,1.87134306846e-08,-1.39876669956e-08,-1.39890626535e-08,2.62021022944e-08,1.07878569389e-06,-2.36771167782e-07,-2.30932085979e-07,1.12501716179e-06,-2.58672858778e-07,-2.52164725702e-07,1.13410553576e-06,-2.68517175153e-07,-2.58347830153e-07,1.20820626359e-06,-2.65048974969e-07,-2.89336368357e-07,1.3888966017e-06,-2.9693344104e-07,-2.89354819239e-07,2.61979848053e-08,1.87246823963e-08,-1.39769972603e-08,2.61944909866e-08,1.87195972686e-08,-1.39786698326e-08,2.62004998094e-08,2.62137774715e-08,1.87333690679e-08,-1.39859337116e-08,2.62111873208e-08,1.87333690687e-08,-1.39859337115e-08,2.62190531859e-08,1.87362028329e-08,-1.398614392e-08,2.6219053186e-08,1.8735187984e-08,2.61952927972e-08,1.87248176974e-08,-1.39792234761e-08,2.62247830773e-08,1.87306549028e-08
-1.39847741462e-08,2.61996763691e-08,1.87175300152e-08,-1.3985131163e-08,2.61940958816e-08,1.87175300153e-08,-1.39851311633e-08,2.61940958828e-08,1.87175300153e-08,-1.39851311637e-08,2.61940958837e-08,1.87175300151e-08,2.62061342662e-08,-1.39898132958e-08,2.62039596077e-08,1.87225895709e-08,-1.39898132953e-08,2.6203959609e-08,1.87225895707e-08,-1.39898132952e-08,2.61912987704e-08,-1.3978643128e-08,2.61855701901e-08,1.87332654337e-08,1.87360514771e-08,-1.39915879636e-08,-2.45889336817e-07,1.01146029696e-06,-2.36756671957e-07,-2.5623907142e-07,1.10634395212e-06,-2.58624223842e-07,-2.58273866872e-07,1.14900391354e-06,-2.6499297437e-07,-2.74850333249e-07,1.13401951131e-06,-3.02646819742e-07,-2.89209811456e-07,1.46454561307e-06,-3.09968382114e-07,-1.39886200864e-08,2.61949711837e-08,1.87150595332e-08,-1.39877941263e-08,2.61744805312e-08,1.87166959332e-08,-1.399126731e-08,-1.39945986249e-08,2.61866408803e-08,1.87208809394e-08,-1.39940186478e-08,2.61866408819e-08,1.87208809391e-08,-1.3995126317e-08,2.61878959473e-08,1.87207267544e-08,-1.39951263164e-08,2.61850145525e-08,-1.3980716451e-08,2.61854858198e-08,1.8712519511e-08,-1.39873250391e-08,2.6198308317e-08
1.87186918529e-08,-1.3993504491e-08,2.61725269222e-08,1.87193769891e-08,-1.3992254362e-08,2.61725269223e-08,1.87193769893e-08,-1.39922543621e-08,2.6172526923e-08,1.87193769893e-08,-1.39922543624e-08,2.61725269221e-08,-1.39949507255e-08,1.87284303547e-08,-1.39957956864e-08,2.61926138559e-08,1.87284303545e-08,-1.39957956864e-08,2.61926138566e-08,1.87284303548e-08,-1.39929591929e-08,1.87121002067e-08,-1.39786605517e-08,2.6227422087e-08,2.62341344654e-08,1.87259061388e-08,-2.52385389763e-07,-2.30818631652e-07,1.01137678438e-06,-2.63048298183e-07,-2.52045520391e-07,1.1061909598e-06,-2.65144167645e-07,-2.61590416702e-07,1.13380203995e-06,-2.82255957169e-07,-2.58243813601e-07,1.29708794405e-06,-2.9707702641e-07,-3.01854805898e-07,1.46914176223e-06,1.87222564423e-08,-1.39886095387e-08,2.6189923093e-08,1.87207151983e-08,-1.39880667862e-08,2.61903629932e-08,1.87252527108e-08,1.87312867915e-08,-1.40000849428e-08,2.61792226089e-08,1.87301739231e-08,-1.40000849427e-08,2.61792226094e-08,1.87329527049e-08,-1.40028614414e-08,2.61776705542e-08,1.87329527044e-08,-1.40024590811e-08,1.87143888422e-08,-1.39910656238e-08,2.61694341177e-08,1.87270642572e-08,-1.39942929225e-08
2.61041405018e-08,1.87008873437e-08,-1.39748285695e-08,2.61057313373e-08,1.8698492217e-08,-1.39748285698e-08,2.61057313378e-08,1.86984922173e-08,-1.39748285703e-08,2.61057313367e-08,1.86984922188e-08,-1.39748285697e-08,1.87036586364e-08,2.61268981275e-08,1.87039478357e-08,-1.39754435623e-08,2.61268981292e-08,1.87039478371e-08,-1.39754435624e-08,2.61268981273e-08,1.86985136284e-08,2.60998981536e-08,1.86841101294e-08,-1.39785825321e-08,-1.39799780578e-08,2.61083582121e-08,2.60786721859e-08,1.87125111946e-08,-1.40015887812e-08,2.60818572434e-08,1.87143827485e-08,-1.40018908341e-08,2.60826348664e-08,1.87149181677e-08,-1.40024188643e-08,2.60814801874e-08,1.87160745844e-08,-1.40035639075e-08,2.6081515698e-08,1.87162621813e-08,-1.40042698147e-08,7.76123701502e-07,-1.01045136372e-07,-1.09016337636e-07,4.48584784403e-07,-1.50500254785e-07,-1.50467539509e-07,6.41690096264e-07,2.61200028798e-08,1.87040117558e-08,-1.39768418749e-08,2.61174191903e-08,1.87040117575e-08,-1.39768418749e-08,2.61252677174e-08,1.87068405244e-08,-1.39770515792e-08,2.61252677192e-08,1.87058269648e-08,2.6101598352e-08,1.86954760071e-08,-1.39701365256e-08,2.61310150496e-08,1.87013050241e-08
-1.3975942568e-08,2.61083080551e-08,1.86889702643e-08,-1.3976299531e-08,2.61027411331e-08,1.86889702646e-08,-1.39762995311e-08,2.61027411348e-08,1.86889702655e-08,-1.39762995308e-08,2.61027411357e-08,1.86889702644e-08,2.6114750256e-08,-1.39809810011e-08,2.61125763457e-08,1.86940247099e-08,-1.39809810017e-08,2.61125763444e-08,1.86940247102e-08,-1.39809810006e-08,2.60999462845e-08,-1.39698167515e-08,2.60942759738e-08,1.87046882707e-08,1.87074706272e-08,-1.39827505124e-08,-1.40062254777e-08,2.60753468908e-08,1.87113343045e-08,-1.40073089805e-08,2.60764958224e-08,1.87119944248e-08,-1.40075791984e-08,2.6076974716e-08,1.87127466803e-08,-1.4007996718e-08,2.60799715355e-08,1.87148424465e-08,-1.40087036683e-08,2.6081379798e-08,1.8715900655e-08,-1.10350719916e-07,1.34502381981e-06,-9.93120209348e-08,-1.08994579458e-07,4.54729361379e-07,-1.00983180377e-07,-1.10364911146e-07,-1.39857603857e-08,2.60952718837e-08,1.8692316479e-08,-1.39851804971e-08,2.60952718863e-08,1.86923164785e-08,-1.39862885353e-08,2.60965153982e-08,1.86921622609e-08,-1.3986288535e-08,2.60936401788e-08,-1.39718883649e-08,2.60941494801e-08,1.86839681902e-08,-1.39784959345e-08,2.61069395985e-08
1.86805277946e-08,-1.39793326044e-08,2.60602223339e-08,1.868121168e-08,-1.39780830546e-08,2.60602223327e-08,1.86812116803e-08,-1.39780830559e-08,2.60602223329e-08,1.86812116802e-08,-1.39780830565e-08,2.60602223328e-08,-1.39807781668e-08,1.86902485552e-08,-1.3981621477e-08,2.60802626473e-08,1.86902485545e-08,-1.39816214773e-08,2.60802626469e-08,1.8690248555e-08,-1.39787863011e-08,1.86739507274e-08,-1.39645065935e-08,2.61149819762e-08,2.61216741192e-08,1.86877260254e-08,1.87026506878e-08,-1.39999890964e-08,2.60501976008e-08,1.87043587546e-08,-1.40017442924e-08,2.60519045495e-08,1.87047809961e-08,-1.40022098795e-08,2.60530950451e-08,1.87049062225e-08,-1.40027380108e-08,2.60577503327e-08,1.8705563652e-08,-1.40025993444e-08,2.605957645e-08,-9.94040087094e-08,-1.08926984889e-07,7.82185617325e-07,-1.25107279037e-07,-1.08870176993e-07,4.48202070709e-07,-9.94248447361e-08,1.86930966625e-08,-1.39859010257e-08,2.60668954016e-08,1.86919858247e-08,-1.39859010269e-08,2.6066895402e-08,1.8694759857e-08,-1.39886738788e-08,2.60653459439e-08,1.86947598558e-08,-1.39882714747e-08,1.86762343532e-08,-1.39768941706e-08,2.60571547002e-08,1.86888866294e-08,-1.39801196352e-08
2.61036039671e-08,1.86995462932e-08,-1.39735013269e-08,2.61051947265e-08,1.86971513493e-08,-1.39735013269e-08,2.61051947269e-08,1.86971513498e-08,-1.39735013276e-08,2.61051947258e-08,1.86971513516e-08,-1.39735013269e-08,1.87023173732e-08,2.61263604918e-08,1.87026065652e-08,-1.39741161705e-08,2.61263604941e-08,1.8702606567e-08,-1.39741161704e-08,2.61263604912e-08,1.86971727741e-08,2.60993613647e-08,1.86827702328e-08,-1.39772547035e-08,-1.39786500772e-08,2.61078219947e-08,2.60781400698e-08,1.87111695669e-08,-1.40002592846e-08,2.60813250067e-08,1.87130409943e-08,-1.40005613035e-08,2.60821026003e-08,1.87135763767e-08,-1.40010892824e-08,2.60809480376e-08,1.8714732703e-08,-1.40022342049e-08,2.60809836085e-08,1.87149202805e-08,-1.40029400426e-08,4.48593765519e-07,-9.93760799392e-08,-1.30669544383e-07,7.62301064995e-07,-9.93883944801e-08,-1.09017004741e-07,4.48662907247e-07,2.61194661368e-08,1.87026705714e-08,-1.39755144268e-08,2.61168825715e-08,1.87026705735e-08,-1.3975514427e-08,2.61247306634e-08,1.87054991516e-08,-1.39757241207e-08,2.61247306656e-08,1.87044856723e-08,2.6101061631e-08,1.86941353788e-08,-1.39688097011e-08,2.61304769135e-08,1.86999639535e-08
-1.39703774633e-08,2.61173535461e-08,1.86858779471e-08,-1.39707342397e-08,2.61117862315e-08,1.86858779473e-08,-1.39707342399e-08,2.61117862335e-08,1.86858779483e-08,-1.39707342396e-08,2.61117862344e-08,1.86858779473e-08,2.61237962004e-08,-1.39754132493e-08,2.61216233183e-08,1.86909308779e-08,-1.397541325e-08,2.61216233172e-08,1.86909308783e-08,-1.3975413249e-08,2.61089923669e-08,-1.39642537404e-08,2.61033101133e-08,1.87015916373e-08,1.87043733865e-08,-1.39771831046e-08,-1.40006522523e-08,2.60844149557e-08,1.87082404395e-08,-1.40017352679e-08,2.60855652971e-08,1.87089004095e-08,-1.40020053651e-08,2.60860445423e-08,1.87096525333e-08,-1.40024228112e-08,2.60890414448e-08,1.8711747862e-08,-1.40031295418e-08,2.6090449403e-08,1.87128058772e-08,-1.5045604092e-07,4.54820073781e-07,-9.92562844023e-08,-1.09003760149e-07,1.21196500936e-06,-2.52556137415e-07,-2.42732176011e-07,-1.39801914903e-08,2.61043248818e-08,1.86892235033e-08,-1.39796119047e-08,2.61043248844e-08,1.86892235028e-08,-1.39807192244e-08,2.61055706968e-08,1.86890693805e-08,-1.3980719224e-08,2.61026954905e-08,-1.39663246331e-08,2.61031946293e-08,1.86808764966e-08,-1.39729287519e-08,2.6115985964e-08
1.8682435488e-08,-1.39803101095e-08,2.60647313606e-08,1.86831194386e-08,-1.39790604939e-08,2.606473136e-08,1.86831194389e-08,-1.39790604952e-08,2.60647313599e-08,1.86831194388e-08,-1.39790604958e-08,2.60647313597e-08,-1.39817557482e-08,1.86921571749e-08,-1.39825991423e-08,2.60847738983e-08,1.86921571743e-08,-1.39825991425e-08,2.60847738982e-08,1.86921571747e-08,-1.39797638172e-08,1.86758577133e-08,-1.39654829712e-08,2.61194973352e-08,2.61261903668e-08,1.8689634496e-08,1.87045610475e-08,-1.4000968521e-08,2.60547088369e-08,1.87062692831e-08,-1.40027238539e-08,2.60564160051e-08,1.87066915664e-08,-1.40031894763e-08,2.60576066937e-08,1.87068168152e-08,-1.40037176312e-08,2.60622626206e-08,1.87074743182e-08,-1.40035789439e-08,2.60640890203e-08,-1.50511741326e-07,-1.10285470113e-07,4.4821449017e-07,-9.94044657234e-08,-2.423940344e-07,1.23461840578e-06,-2.52934921237e-07,1.86950056516e-08,-1.39868791584e-08,2.60714053914e-08,1.86938947079e-08,-1.39868791595e-08,2.60714053915e-08,1.86966689947e-08,-1.39896522313e-08,2.60698557927e-08,1.86966689936e-08,-1.39892498134e-08,1.86781415831e-08,-1.3977871569e-08,2.60616628224e-08,1.86907950667e-08,-1.39810972142e-08
2.61103411336e-08,1.87041291549e-08,-1.39768432299e-08,2.61119322916e-08,1.87017336276e-08,-1.39768432302e-08,2.61119322923e-08,1.87017336278e-08,-1.39768432307e-08,2.6111932291e-08,1.87017336295e-08,-1.397684323e-08,1.87069009112e-08,2.61331033697e-08,1.87071901774e-08,-1.39774581976e-08,2.61331033715e-08,1.8707190179e-08,-1.39774581977e-08,2.61331033699e-08,1.87017550613e-08,2.61060973486e-08,1.86873489708e-08,-1.39805974459e-08,-1.39819931482e-08,2.61145603516e-08,2.60848716544e-08,1.87157553431e-08,-1.40036076605e-08,2.60880573991e-08,1.87176272309e-08,-1.40039097499e-08,2.60888351907e-08,1.87181627448e-08,-1.40044378552e-08,2.60876803525e-08,1.87193193528e-08,-1.40055830482e-08,2.60877159483e-08,1.87195069747e-08,-1.40062890542e-08,6.41704743391e-07,-1.01057651339e-07,-1.0903864657e-07,4.48665191877e-07,-2.52897528408e-07,-2.42772612622e-07,1.23605793331e-06,2.61262074266e-08,1.87072542226e-08,-1.39788568081e-08,2.6123623213e-08,1.87072542243e-08,-1.3978856808e-08,2.61314732599e-08,1.87100834993e-08,-1.39790665542e-08,2.61314732618e-08,1.87090697735e-08,2.61077980801e-08,1.86987169236e-08,-1.39721504754e-08,2.61372207479e-08,1.87045469205e-08
2.61129251194e-08,1.87094389599e-08,-1.39819864731e-08,2.61145165944e-08,1.87070427113e-08,-1.39819864735e-08,2.61145165927e-08,1.87070427116e-08,-1.39819864734e-08,2.61145165923e-08,1.87070427113e-08,-1.3981986473e-08,1.87122115528e-08,2.61356918991e-08,1.87125008528e-08,-1.39826019943e-08,2.61356918982e-08,1.87125008522e-08,-1.39826019945e-08,2.61356918984e-08,1.87070640972e-08,2.61086821484e-08,1.86926541895e-08,-1.39857428988e-08,-1.39871391863e-08,2.61171432968e-08,2.60874390383e-08,1.87210675207e-08,-1.40087597118e-08,2.60906252969e-08,1.87229399122e-08,-1.40090619321e-08,2.60914032149e-08,1.87234755722e-08,-1.40095902352e-08,2.60902479279e-08,1.87246325352e-08,-1.40107358933e-08,2.60902833048e-08,1.87248202322e-08,-1.4011442167e-08,2.61130420071e-08,1.8703892026e-08,-1.39750711244e-08,2.6109555667e-08,1.86988096284e-08,-1.39767429263e-08,2.61155440252e-08,1.22267144973e-06,-1.56515201709e-07,-1.6419850655e-07,6.9725674713e-07,-1.56515201709e-07,-1.64198506554e-07,6.9135388232e-07,-1.54855611298e-07,-1.6289926985e-07,6.91353882323e-07,-1.54853754659e-07,2.6110382678e-08,1.87040250676e-08,-1.397729209e-08,2.61398111867e-08,1.87098568075e-08
-1.39797166003e-08,2.61451272806e-08,1.87006769122e-08,-1.39800735918e-08,2.61395548606e-08,1.8700676912e-08,-1.39800735911e-08,2.61395548616e-08,1.87006769128e-08,-1.39800735914e-08,2.61395548624e-08,1.87006769122e-08,2.61515758426e-08,-1.39847554124e-08,2.61494015935e-08,1.87057334845e-08,-1.39847554122e-08,2.61494015941e-08,1.8705733484e-08,-1.39847554123e-08,2.61367590602e-08,-1.39735886002e-08,2.61310654738e-08,1.87164021361e-08,1.87191860108e-08,-1.39865270082e-08,-1.40100137166e-08,2.61121716845e-08,1.87230582565e-08,-1.40110974259e-08,2.6113323785e-08,1.87237187277e-08,-1.40113676976e-08,2.61138036375e-08,1.87244714427e-08,-1.40117854718e-08,2.61168032213e-08,1.87265683822e-08,-1.40124927066e-08,2.6118212257e-08,1.87276272275e-08,-1.39835603644e-08,2.61404367809e-08,1.86982111734e-08,-1.39827344871e-08,2.61199674407e-08,1.86998458775e-08,-1.39862063585e-08,-1.64381223304e-07,1.1227781705e-06,-1.56286786162e-07,-1.64368181135e-07,6.97388395163e-07,-1.56286786163e-07,-1.63109689623e-07,6.91472260322e-07,-1.54598592339e-07,-1.6310968962e-07,6.91431702009e-07,-1.39756609324e-08,2.61309557259e-08,1.86956713926e-08,-1.3982269031e-08,2.61437589585e-08
1.86891328987e-08,-1.39811869937e-08,2.60910495874e-08,1.8689817053e-08,-1.39799374987e-08,2.6091049588e-08,1.86898170532e-08,-1.3979937499e-08,2.60910495867e-08,1.86898170532e-08,-1.39799374988e-08,2.60910495867e-08,-1.39826324954e-08,1.86988574622e-08,-1.39834761714e-08,2.61111009412e-08,1.8698857462e-08,-1.3983476171e-08,2.61111009423e-08,1.86988574623e-08,-1.39806411162e-08,1.86825524384e-08,-1.39663580931e-08,2.61458419913e-08,2.61525393096e-08,1.86963348757e-08,1.87112701319e-08,-1.40018510657e-08,2.60810531686e-08,1.87129789263e-08,-1.40036066383e-08,2.60827613692e-08,1.87134013488e-08,-1.4004072313e-08,2.60839531363e-08,1.87135267312e-08,-1.40046003791e-08,2.60886122406e-08,1.87141845285e-08,-1.40044615813e-08,2.60904401733e-08,1.86926910985e-08,-1.39762969929e-08,2.61084347922e-08,1.86911520784e-08,-1.39757519115e-08,2.61088694931e-08,1.86956823716e-08,-1.5633642813e-07,-1.64150325724e-07,1.1213017668e-06,-1.56331790933e-07,-1.64150325723e-07,6.96471360229e-07,-1.54643735446e-07,-1.62873262022e-07,6.90455771915e-07,-1.54643735452e-07,-1.62859848454e-07,1.86848372255e-08,-1.39787488864e-08,2.6087974516e-08,1.86974944669e-08,-1.39819743219e-08
2.61126189931e-08,1.87084806456e-08,-1.3981019212e-08,2.61142104156e-08,1.87060845287e-08,-1.39810192124e-08,2.61142104139e-08,1.8706084529e-08,-1.39810192123e-08,2.61142104135e-08,1.87060845286e-08,-1.39810192119e-08,1.87112530861e-08,2.61353850165e-08,1.87115423816e-08,-1.39816346205e-08,2.61353850156e-08,1.87115423811e-08,-1.39816346207e-08,2.61353850157e-08,1.87061059248e-08,2.61083758078e-08,1.8691696697e-08,-1.39847752007e-08,-1.39861713765e-08,2.61168374327e-08,2.60871362191e-08,1.8720108809e-08,-1.40077908208e-08,2.60903223979e-08,1.87219811105e-08,-1.4008093016e-08,2.60911002967e-08,1.87225167441e-08,-1.40086212818e-08,2.60899450942e-08,1.87236736424e-08,-1.40097668513e-08,2.60899805178e-08,1.87238613251e-08,-1.40104730742e-08,2.61127361383e-08,1.87029339835e-08,-1.39741042294e-08,2.61092499104e-08,1.86978519e-08,-1.39757759256e-08,2.61152382165e-08,6.97266833623e-07,-1.56502529561e-07,-1.64193369356e-07,1.12251223805e-06,-1.56502529561e-07,-1.6419336936e-07,6.91320656421e-07,-1.54843065843e-07,-1.62894165831e-07,6.91320656424e-07,-1.54841209544e-07,2.6110076397e-08,1.87030670572e-08,-1.39763251325e-08,2.61395039343e-08,1.87088984796e-08
-1.39797166003e-08,2.61451272806e-08,1.87006769122e-08,-1.39800735918e-08,2.61395548606e-08,1.8700676912e-08,-1.39800735911e-08,2.61395548616e-08,1.87006769128e-08,-1.39800735914e-08,2.61395548624e-08,1.87006769122e-08,2.61515758426e-08,-1.39847554124e-08,2.61494015935e-08,1.87057334845e-08,-1.39847554122e-08,2.61494015941e-08,1.8705733484e-08,-1.39847554123e-08,2.61367590602e-08,-1.39735886002e-08,2.61310654737e-08,1.8716402136e-08,1.87191860107e-08,-1.39865270082e-08,-1.40100137166e-08,2.61121716845e-08,1.87230582565e-08,-1.40110974259e-08,2.6113323785e-08,1.87237187277e-08,-1.40113676976e-08,2.61138036375e-08,1.87244714427e-08,-1.40117854718e-08,2.61168032213e-08,1.87265683822e-08,-1.40124927066e-08,2.6118212257e-08,1.87276272275e-08,-1.39835603644e-08,2.61404367809e-08,1.86982111734e-08,-1.39827344871e-08,2.61199674407e-08,1.86998458775e-08,-1.39862063585e-08,-1.64381223304e-07,6.97388395156e-07,-1.56286786162e-07,-1.64368181135e-07,1.12277817051e-06,-1.56286786163e-07,-1.63109689623e-07,6.91472260322e-07,-1.54598592339e-07,-1.6310968962e-07,6.91431702009e-07,-1.39756609324e-08,2.61309557259e-08,1.86956713926e-08,-1.3982269031e-08,2.61437589585e-08
1.86891328987e-08,-1.39811869937e-08,2.60910495874e-08,1.8689817053e-08,-1.39799374987e-08,2.6091049588e-08,1.86898170532e-08,-1.3979937499e-08,2.60910495867e-08,1.86898170532e-08,-1.39799374988e-08,2.60910495867e-08,-1.39826324954e-08,1.86988574622e-08,-1.39834761714e-08,2.61111009412e-08,1.8698857462e-08,-1.3983476171e-08,2.61111009423e-08,1.86988574623e-08,-1.39806411162e-08,1.86825524384e-08,-1.39663580931e-08,2.61458419912e-08,2.61525393095e-08,1.86963348758e-08,1.87112701319e-08,-1.40018510657e-08,2.60810531686e-08,1.87129789263e-08,-1.40036066383e-08,2.60827613692e-08,1.87134013488e-08,-1.4004072313e-08,2.60839531363e-08,1.87135267312e-08,-1.40046003791e-08,2.60886122406e-08,1.87141845285e-08,-1.40044615813e-08,2.60904401733e-08,1.86926910985e-08,-1.39762969929e-08,2.61084347923e-08,1.86911520784e-08,-1.39757519115e-08,2.61088694931e-08,1.86956823716e-08,-1.5633642813e-07,-1.64150325724e-07,6.96471360224e-07,-1.56331790933e-07,-1.64150325723e-07,1.12130176681e-06,-1.54643735446e-07,-1.62873262022e-07,6.90455771915e-07,-1.54643735452e-07,-1.62859848454e-07,1.86848372255e-08,-1.39787488864e-08,2.6087974516e-08,1.86974944669e-08,-1.39819743219e-08
2.61116971695e-08,1.87106659954e-08,-1.39836193275e-08,2.61132886662e-08,1.87082695641e-08,-1.39836193279e-08,2.61132886646e-08,1.87082695644e-08,-1.39836193279e-08,2.61132886642e-08,1.87082695641e-08,-1.39836193274e-08,1.87134387997e-08,2.61344642741e-08,1.87137280891e-08,-1.39842351204e-08,2.61344642732e-08,1.87137280885e-08,-1.39842351206e-08,2.61344642733e-08,1.87082909189e-08,2.61074551507e-08,1.86938802321e-08,-1.39873766969e-08,-1.39887731908e-08,2.61159142598e-08,2.60862037099e-08,1.87222947535e-08,-1.40103950592e-08,2.60893899401e-08,1.8724167251e-08,-1.40106973269e-08,2.60901678501e-08,1.8724702943e-08,-1.40112256939e-08,2.60890124151e-08,1.87258599978e-08,-1.40123715125e-08,2.6089047656e-08,1.87260477203e-08,-1.4013077874e-08,2.61118133136e-08,1.87051187329e-08,-1.39767034914e-08,2.61083269344e-08,1.87000358484e-08,-1.39783754601e-08,2.6114314959e-08,6.91325254734e-07,-1.54843415635e-07,-1.62906255559e-07,6.91281988429e-07,-1.54843415635e-07,-1.62906255563e-07,1.30489062709e-06,-2.05156077039e-07,-2.11141692158e-07,9.07365057457e-07,-2.05153507786e-07,2.61091553735e-08,1.87052516721e-08,-1.39789244562e-08,2.61385842836e-08,1.8711083848e-08
-1.39814732939e-08,2.61523465062e-08,1.87039069179e-08,-1.39818303213e-08,2.61467728581e-08,1.87039069177e-08,-1.39818303207e-08,2.61467728591e-08,1.87039069185e-08,-1.3981830321e-08,2.61467728599e-08,1.8703906918e-08,2.61587964894e-08,-1.39865126096e-08,2.6156622e-08,1.87089642263e-08,-1.39865126094e-08,2.61566220006e-08,1.87089642258e-08,-1.39865126095e-08,2.61439766802e-08,-1.39753444539e-08,2.6138279505e-08,1.87196345108e-08,1.87224188366e-08,-1.39882846402e-08,-1.40117750142e-08,2.61193886809e-08,1.87262925633e-08,-1.40128588483e-08,2.6120541304e-08,1.87269531403e-08,-1.40131291514e-08,2.61210213265e-08,1.87277059838e-08,-1.40135469968e-08,2.61240215455e-08,1.87298032672e-08,-1.40142543331e-08,2.61254308102e-08,1.87308622916e-08,-1.39853176097e-08,2.6147654284e-08,1.87014405332e-08,-1.39844916475e-08,2.61271811581e-08,1.87030755392e-08,-1.39879639599e-08,-1.63122601351e-07,6.91498569355e-07,-1.54608522233e-07,-1.63109667018e-07,6.91498569363e-07,-1.54608522234e-07,-2.11462154758e-07,1.30527646716e-06,-2.04807233233e-07,-2.11462154754e-07,9.07581607022e-07,-1.39774170676e-08,2.61381719608e-08,1.86989004925e-08,-1.39840258307e-08,2.61509780789e-08
1.86891771308e-08,-1.39808949992e-08,2.6092445863e-08,1.86898612834e-08,-1.39796455459e-08,2.60924458636e-08,1.86898612836e-08,-1.39796455461e-08,2.60924458623e-08,1.86898612836e-08,-1.39796455459e-08,2.60924458623e-08,-1.39823404529e-08,1.86989016695e-08,-1.39831841292e-08,2.61124973925e-08,1.86989016692e-08,-1.39831841288e-08,2.61124973936e-08,1.86989016695e-08,-1.39803491684e-08,1.86825966291e-08,-1.39660663428e-08,2.61472389309e-08,2.61539364133e-08,1.86963791553e-08,1.87113147106e-08,-1.40015589829e-08,2.60824517553e-08,1.87130235049e-08,-1.4003314529e-08,2.6084159993e-08,1.87134459274e-08,-1.40037801959e-08,2.60853518142e-08,1.8713571317e-08,-1.40043082413e-08,2.60900110481e-08,1.87142291205e-08,-1.40041694384e-08,2.60918390544e-08,1.86927353643e-08,-1.39760050793e-08,2.61098305604e-08,1.86911963475e-08,-1.39754601024e-08,2.61102654119e-08,1.86957266533e-08,-1.54637518843e-07,-1.62861701751e-07,6.90468756872e-07,-1.54632940235e-07,-1.62861701751e-07,6.90468756877e-07,-2.04839313351e-07,-2.11111170102e-07,1.30313019993e-06,-2.04839313356e-07,-2.11093680824e-07,1.86848814294e-08,-1.39784569889e-08,2.60893703571e-08,1.86975386393e-08,-1.39816823246e-08
2.61116971695e-08,1.87106659954e-08,-1.39836193275e-08,2.61132886662e-08,1.87082695641e-08,-1.39836193279e-08,2.61132886646e-08,1.87082695644e-08,-1.39836193279e-08,2.61132886642e-08,1.87082695641e-08,-1.39836193274e-08,1.87134387997e-08,2.61344642741e-08,1.87137280891e-08,-1.39842351204e-08,2.61344642732e-08,1.87137280885e-08,-1.39842351206e-08,2.61344642733e-08,1.87082909189e-08,2.61074551507e-08,1.86938802321e-08,-1.39873766968e-08,-1.39887731907e-08,2.61159142601e-08,2.60862037099e-08,1.87222947535e-08,-1.40103950592e-08,2.60893899401e-08,1.8724167251e-08,-1.40106973269e-08,2.60901678501e-08,1.8724702943e-08,-1.40112256939e-08,2.60890124151e-08,1.87258599978e-08,-1.40123715125e-08,2.6089047656e-08,1.87260477203e-08,-1.4013077874e-08,2.61118133136e-08,1.87051187329e-08,-1.39767034914e-08,2.61083269344e-08,1.87000358484e-08,-1.39783754601e-08,2.6114314959e-08,6.91325254734e-07,-1.54843415635e-07,-1.62906255559e-07,6.91281988429e-07,-1.54843415635e-07,-1.62906255563e-07,9.07365057454e-07,-2.05156077039e-07,-2.11141692158e-07,1.3048906271e-06,-2.05153507786e-07,2.61091553735e-08,1.87052516721e-08,-1.39789244562e-08,2.61385842835e-08,1.8711083848e-08
-1.3980522456e-08,2.61526946202e-08,1.87031106971e-08,-1.39808794542e-08,2.61471210657e-08,1.87031106969e-08,-1.39808794536e-08,2.61471210667e-08,1.87031106977e-08,-1.39808794539e-08,2.61471210675e-08,1.87031106971e-08,2.61591444949e-08,-1.39855613589e-08,2.61569701712e-08,1.8708167716e-08,-1.39855613586e-08,2.61569701718e-08,1.87081677155e-08,-1.39855613587e-08,2.61443250639e-08,-1.3974393995e-08,2.61386267227e-08,1.87188374329e-08,1.87216216241e-08,-1.39873333836e-08,-1.40108225462e-08,2.61197400699e-08,1.87254956249e-08,-1.40119063006e-08,2.61208928188e-08,1.87261561692e-08,-1.40121765838e-08,2.61213728679e-08,1.872690898e-08,-1.4012594411e-08,2.61243730225e-08,1.87290061641e-08,-1.40133017059e-08,2.61257822194e-08,1.87300651415e-08,-1.39843665474e-08,2.61480021044e-08,1.87006442985e-08,-1.39835406515e-08,2.61275297149e-08,1.87022792454e-08,-1.39870127304e-08,-1.63120247901e-07,6.91472232123e-07,-1.54595411643e-07,-1.63107313935e-07,6.9147223213e-07,-1.54595411644e-07,-2.1145920653e-07,9.07597296506e-07,-2.04789975048e-07,-2.11459206526e-07,1.21343524957e-06,-1.39764664791e-08,2.61385203847e-08,1.86981044625e-08,-1.39830747031e-08,2.6151326322e-08
2.60831418023e-08,1.86917944761e-08,-1.39700557472e-08,2.60847316293e-08,1.86894004428e-08,-1.39700557475e-08,2.60847316297e-08,1.86894004432e-08,-1.39700557477e-08,2.60847316292e-08,1.86894004434e-08,-1.39700557477e-08,1.86945645064e-08,2.61058850616e-08,1.86948534813e-08,-1.39706710937e-08,2.61058850611e-08,1.86948534816e-08,-1.39706710941e-08,2.61058850611e-08,1.86894217518e-08,2.60789049919e-08,1.86750257244e-08,-1.39738098535e-08,-1.39752050248e-08,2.60873536094e-08,2.60576697469e-08,1.87034110793e-08,-1.39968050295e-08,2.60608525859e-08,1.87052816755e-08,-1.39971070134e-08,2.60616296653e-08,1.87058168249e-08,-1.39976348692e-08,2.60604753422e-08,1.87069727247e-08,-1.39987795967e-08,2.6060510444e-08,1.87071602677e-08,-1.39994852776e-08,2.60832572622e-08,1.86862528355e-08,-1.39631468607e-08,2.60797745408e-08,1.86811749615e-08,-1.39648171863e-08,2.60857559799e-08,2.60989906895e-08,1.86949168054e-08,-1.39720684517e-08,2.60964086344e-08,1.86949168063e-08,-1.39720684518e-08,2.61042525535e-08,1.86977441102e-08,-1.3972278026e-08,2.61042525539e-08,1.86967309963e-08,5.1714861006e-07,-7.23434848121e-08,-8.8182158077e-08,3.50047550621e-07,-7.23554097233e-08
-1.39747637032e-08,2.61201667917e-08,1.86905395761e-08,-1.39751206033e-08,2.61145984529e-08,1.86905395767e-08,-1.39751206035e-08,2.61145984536e-08,1.86905395765e-08,-1.39751206034e-08,2.61145984536e-08,1.86905395766e-08,2.61266106316e-08,-1.39798012475e-08,2.61244370233e-08,1.86955939547e-08,-1.39798012472e-08,2.61244370226e-08,1.86955939543e-08,-1.39798012471e-08,2.61118037456e-08,-1.39686381535e-08,2.61061236435e-08,1.87062576607e-08,1.87090401451e-08,-1.3981571368e-08,-1.40050469058e-08,2.60872152425e-08,1.87129070506e-08,-1.40061302766e-08,2.60883654266e-08,1.8713567197e-08,-1.40064004628e-08,2.60888446725e-08,1.87143195099e-08,-1.40068180138e-08,2.60918421633e-08,1.87164153863e-08,-1.40075249491e-08,2.60932504907e-08,1.87174736711e-08,-1.3978605832e-08,2.61154824746e-08,1.86880760518e-08,-1.39777801712e-08,2.60950252296e-08,1.86897097914e-08,-1.39812507945e-08,-1.39845807788e-08,2.61071333959e-08,1.86938859954e-08,-1.39840009908e-08,2.61071333971e-08,1.86938859954e-08,-1.39851087342e-08,2.61083788276e-08,1.86937318154e-08,-1.39851087339e-08,2.6105503032e-08,-8.82682237892e-08,9.77764290432e-07,-1.56709642681e-07,-1.62272608557e-07,6.90313892153e-07
1.86805033304e-08,-1.39751944489e-08,2.60771008721e-08,1.86811871732e-08,-1.39739454668e-08,2.60771008716e-08,1.86811871735e-08,-1.39739454675e-08,2.60771008722e-08,1.86811871732e-08,-1.39739454671e-08,2.60771008726e-08,-1.39766393569e-08,1.86902234719e-08,-1.39774826456e-08,2.60971427848e-08,1.86902234714e-08,-1.39774826452e-08,2.60971427864e-08,1.86902234717e-08,-1.39746487541e-08,1.86739259449e-08,-1.39603719968e-08,2.61318672148e-08,2.61385612279e-08,1.86877019381e-08,1.87026299227e-08,-1.39958491749e-08,2.60671057429e-08,1.87043379343e-08,-1.39976039804e-08,2.60688131068e-08,1.87047601627e-08,-1.39980694535e-08,2.60700042516e-08,1.87048854768e-08,-1.39985973073e-08,2.60746610357e-08,1.87055429642e-08,-1.39984585791e-08,2.60764880275e-08,1.86840598505e-08,-1.3970306574e-08,2.60944788303e-08,1.86825215317e-08,-1.39697615938e-08,2.60949131182e-08,1.86870497304e-08,1.86930722941e-08,-1.39817624654e-08,2.60837765046e-08,1.86919615265e-08,-1.39817624646e-08,2.60837765049e-08,1.86947352918e-08,-1.3984534736e-08,2.60822272102e-08,1.86947352917e-08,-1.3984132581e-08,-7.22649872335e-08,-1.62027697022e-07,1.02496109055e-06,-1.71741106246e-07,-1.80314134407e-07
2.60866420228e-08,1.87027112011e-08,-1.39810712365e-08,2.60882324485e-08,1.87003156675e-08,-1.39810712368e-08,2.60882324491e-08,1.87003156681e-08,-1.39810712371e-08,2.60882324487e-08,1.87003156683e-08,-1.39810712372e-08,1.87054829673e-08,2.61093939036e-08,1.87057719927e-08,-1.39816878653e-08,2.61093939031e-08,1.87057719929e-08,-1.39816878657e-08,2.61093939031e-08,1.87003368595e-08,2.6082407648e-08,1.86859330865e-08,-1.39848303177e-08,-1.39862267616e-08,2.60908508486e-08,2.60611323187e-08,1.8714332333e-08,-1.40078390827e-08,2.60643160698e-08,1.87162039545e-08,-1.40081413529e-08,2.60650933674e-08,1.87167394043e-08,-1.40086696336e-08,2.6063938082e-08,1.87178960425e-08,-1.40098153702e-08,2.6063972652e-08,1.87180837476e-08,-1.4010521629e-08,2.60867545525e-08,1.86971664642e-08,-1.39741581795e-08,2.60832705533e-08,1.86920850118e-08,-1.3975829709e-08,2.60892525881e-08,2.61024920044e-08,1.8705834556e-08,-1.39830856512e-08,2.60999089764e-08,1.8705834557e-08,-1.3983085651e-08,2.61077563595e-08,1.8708663388e-08,-1.39832953089e-08,2.61077563599e-08,1.87076496155e-08,3.49970795738e-07,-1.56951896574e-07,-1.75799722192e-07,1.9194482291e-06,-1.72047935611e-07
-1.39797365513e-08,2.61226888161e-08,1.86956753195e-08,-1.39800935939e-08,2.61171194048e-08,1.86956753201e-08,-1.39800935941e-08,2.61171194055e-08,1.86956753199e-08,-1.3980093594e-08,2.61171194054e-08,1.869567532e-08,2.61291338973e-08,-1.39847761114e-08,2.61269594589e-08,1.87007313232e-08,-1.39847761111e-08,2.61269594582e-08,1.87007313229e-08,-1.39847761109e-08,2.61143237479e-08,-1.39736089423e-08,2.61086465715e-08,1.87113983205e-08,1.87141816207e-08,-1.39865464965e-08,-1.40100291583e-08,2.60897222495e-08,1.87180481903e-08,-1.4011112934e-08,2.60908721924e-08,1.87187085325e-08,-1.40113832209e-08,2.609135142e-08,1.87194610546e-08,-1.40118008882e-08,2.60943495329e-08,1.87215575385e-08,-1.40125080536e-08,2.6095758272e-08,1.87226161204e-08,-1.39835799292e-08,2.61180047829e-08,1.86932114971e-08,-1.39827539421e-08,2.60975423475e-08,1.86948456519e-08,-1.39862257922e-08,-1.39895570789e-08,2.61096499756e-08,1.86990226948e-08,-1.39889770594e-08,2.61096499767e-08,1.86990226948e-08,-1.39900852937e-08,2.61108948765e-08,1.86988684482e-08,-1.39900852934e-08,2.6108018452e-08,-8.8285414095e-08,6.90260343922e-07,-1.76660639275e-07,-1.76109058935e-07,1.53577381498e-06
