hour, t(sec), |V|1 (volts), |V|2 (volts), |V|3 (volts), |V|4 (volts), |I|1 (amps), |I|2 (amps), |I|3 (amps), |I|4 (amps)
0, 0.00000, 5452.45, 5623.63, 5346.25, 0, 610.657, 629.867, 598.79, 21.6971
0, 0.00000, 5680.41, 5853.83, 5572.05, 0, 600.206, 618.54, 588.774, 21.2155
0, 0.00000, 5926.74, 6102.26, 5816.48, 0, 588.661, 606.105, 577.727, 20.7937
0, 0.00000, 6193.34, 6370.85, 6081.61, 0, 575.889, 592.406, 565.516, 20.3292
0, 0.00000, 8342.32, 8314.03, 6243.84, 0, 483.877, 482.289, 541.06, 79.6568
0, 0.00000, 8440.38, 8634.26, 8359.23, 0, 453.805, 464.241, 449.438, 16.6217
0, 0.00000, 8762.58, 8960.14, 8692.92, 0, 433.989, 443.747, 430.501, 16.0001
0, 0.00000, 9103.8, 9306.1, 9048.74, 0, 412.276, 421.41, 409.747, 15.3508
0, 0.00000, 9465.02, 9673.32, 9428.2, 0, 388.488, 397.01, 386.944, 14.6288
0, 0.00000, 9846.66, 10064.5, 9832.12, 0, 362.341, 370.355, 361.805, 13.8411
0, 0.00000, 10249.2, 10477.4, 10262.6, 0, 333.678, 341.104, 334.11, 12.9313
0, 0.00000, 10672.3, 10913.9, 10719.8, 0, 302.177, 309.017, 303.523, 11.9053
0, 0.00000, 11114.8, 11374, 11204.2, 0, 267.559, 273.798, 269.71, 10.7434
0, 0.00000, 11574.8, 11857, 11715, 0, 229.531, 235.127, 232.31, 9.42038
0, 0.00000, 12062.4, 12376.7, 12255.9, 0, 188.037, 192.937, 191.055, 7.83814
0, 0.00000, 12588.7, 12924.6, 12831.6, 0, 142.837, 146.653, 145.598, 5.81088
0, 0.00000, 13125.8, 13489.7, 13423.4, 0, 93.259, 95.8475, 95.3781, 3.67245
0, 0.00000, 13669.7, 14072.5, 14032.7, 0, 39.1911, 40.3464, 40.2322, 1.48671
0, 0.00000, 14196.6, 14655.2, 14637.4, 0, 19.7871, 20.4265, 20.4016, 0.727122
0, 0.00000, 14678.1, 15203.1, 15207.8, 0, 82.5826, 85.5368, 85.563, 2.94315
0, 0.00000, 5489.54, 5659.47, 5379.42, 0, 614.973, 634.048, 602.666, 21.829
0, 0.00000, 5722.27, 5894.17, 5609.54, 0, 604.824, 623.004, 592.927, 21.3545
0, 0.00000, 5974.31, 6147.98, 5859.15, 0, 593.604, 610.872, 582.179, 20.9422
0, 0.00000, 6247.7, 6422.93, 6130.45, 0, 581.185, 597.499, 570.295, 20.4879
0, 0.00000, 8431.36, 8389.35, 6298.15, 0, 489.288, 486.88, 546.016, 80.838
0, 0.00000, 8532.83, 8721.54, 8444.75, 0, 459.027, 469.196, 454.273, 16.8214
0, 0.00000, 8866.25, 9057.78, 8789.24, 0, 439.413, 448.876, 435.555, 16.1975
0, 0.00000, 9220.25, 9415.61, 9157.49, 0, 417.885, 426.709, 415.002, 15.5577
0, 0.00000, 9596.31, 9798.19, 9551.19, 0, 394.262, 402.521, 392.375, 14.8498
0, 0.00000, 9994.75, 10203.5, 9972.15, 0, 368.224, 375.913, 367.39, 14.0666
0, 0.00000, 10416.7, 10634.5, 10422.1, 0, 339.639, 346.741, 339.815, 13.1651
0, 0.00000, 10861.9, 11091.9, 10902.1, 0, 308.156, 314.681, 309.295, 12.1474
0, 0.00000, 11329.6, 11576, 11412.7, 0, 273.476, 279.423, 275.482, 10.9925
0, 0.00000, 11822.4, 12088.5, 11954, 0, 235.389, 240.689, 238.01, 9.61789
0, 0.00000, 12360.2, 12649.5, 12539.6, 0, 193.936, 198.475, 196.753, 7.87032
0, 0.00000, 12929.4, 13234.5, 13157.5, 0, 148.501, 152.008, 151.126, 5.81901
0, 0.00000, 13519.8, 13848.3, 13803.1, 0, 99.0494, 101.457, 101.126, 3.71606
0, 0.00000, 14115.4, 14480.2, 14467.8, 0, 47.6765, 48.9092, 48.8673, 1.70781
0, 0.00000, 14683.2, 15097.7, 15121.8, 0, 33.2607, 34.1998, 34.2543, 1.14167
0, 0.00000, 15196.2, 15701.8, 15750.1, 0, 89.7004, 92.6852, 92.9701, 3.1318
0, 0.00000, 5524.98, 5693.64, 5410.84, 0, 619.551, 638.512, 606.797, 22.0057
0, 0.00000, 5762.58, 5932.94, 5645.36, 0, 609.745, 627.782, 597.361, 21.504
0, 0.00000, 6020.14, 6191.93, 5899.92, 0, 598.903, 616.005, 586.962, 21.1029
0, 0.00000, 6329.87, 8037.86, 6059.25, 0, 589.157, 511.412, 567.139, 78.1861
0, 0.00000, 8519.73, 8463.25, 6350.18, 0, 495.201, 492.001, 551.459, 82.2702
0, 0.00000, 8624.52, 8807.8, 8529.04, 0, 464.85, 474.751, 459.683, 17.0409
0, 0.00000, 8969.44, 9154.61, 8884.5, 0, 445.527, 454.695, 441.265, 16.4173
0, 0.00000, 9336.53, 9524.52, 9265.39, 0, 424.297, 432.808, 421.023, 15.791
0, 0.00000, 9727.4, 9920.9, 9673.57, 0, 400.906, 408.876, 398.684, 15.1155
0, 0.00000, 10143.4, 10342.4, 10111.7, 0, 375.236, 382.596, 374.065, 14.33
0, 0.00000, 10585.7, 10792.3, 10582, 0, 346.931, 353.703, 346.812, 13.4457
0, 0.00000, 11054, 11271.3, 11085.5, 0, 315.747, 321.954, 316.647, 12.4479
0, 0.00000, 11548.3, 11780.4, 11623.6, 0, 281.385, 287.04, 283.22, 11.3163
0, 0.00000, 12080.7, 12332.6, 12201, 0, 243.861, 248.946, 246.291, 9.90088
0, 0.00000, 12669.2, 12927.7, 12830.4, 0, 203.191, 207.342, 205.784, 7.9794
0, 0.00000, 13286.7, 13555.9, 13494.3, 0, 158.877, 162.096, 161.359, 5.96828
0, 0.00000, 13932.4, 14219.9, 14199.5, 0, 112.09, 114.404, 114.24, 3.99486
0, 0.00000, 14574, 14894.6, 14919.4, 0, 69.0707, 70.5902, 70.7078, 2.34211
0, 0.00000, 15179.4, 15565.2, 15631, 0, 61.0649, 62.6171, 62.8817, 2.05469
0, 0.00000, 15744.9, 16226, 16324.9, 0, 106.671, 109.93, 110.6, 3.64867
0, 0.00000, 5558.77, 5726.23, 5440.63, 0, 624.421, 643.204, 611.173, 21.9916
0, 0.00000, 5801.06, 5969.87, 5679.27, 0, 614.968, 632.874, 602.077, 21.6637
0, 0.00000, 6064.04, 6233.92, 5938.65, 0, 604.551, 621.501, 592.07, 21.2756
0, 0.00000, 6386.11, 8476.58, 6078.1, 0, 596.376, 529.915, 567.612, 71.6114
0, 0.00000, 8607.16, 8535.83, 6399.91, 0, 501.747, 497.576, 557.299, 83.2951
0, 0.00000, 8715.55, 8893.06, 8612.16, 0, 471.257, 480.871, 465.67, 17.2549
0, 0.00000, 9072.01, 9250.53, 8978.57, 0, 452.336, 461.204, 447.631, 16.6591
0, 0.00000, 9452.09, 9632.43, 9371.97, 0, 431.455, 439.682, 427.794, 16.0692
0, 0.00000, 9858.56, 10043.1, 9795.1, 0, 408.575, 416.217, 405.942, 15.3946
0, 0.00000, 10292.6, 10481.2, 10250.9, 0, 383.376, 390.396, 381.823, 14.6316
0, 0.00000, 10755.5, 10950.1, 10741.7, 0, 355.604, 362.036, 355.146, 13.7741
0, 0.00000, 11248.2, 11451.6, 11269.5, 0, 325.002, 330.878, 325.62, 12.8078
0, 0.00000, 11773.3, 11988.1, 11836.4, 0, 291.405, 296.721, 292.969, 11.6707
0, 0.00000, 12355.6, 12579.5, 12456.6, 0, 255.131, 259.755, 257.22, 10.0856
0, 0.00000, 12987.3, 13211.7, 13128, 0, 215.808, 219.544, 218.155, 8.18711
0, 0.00000, 13660.9, 13889, 13847.7, 0, 173.819, 176.722, 176.196, 6.24835
0, 0.00000, 14359.5, 14603.1, 14611.1, 0, 131.327, 133.556, 133.629, 4.46086
0, 0.00000, 15041.5, 15322.4, 15385.7, 0, 96.7543, 98.5615, 98.9683, 3.18682
0, 0.00000, 15703, 16053.4, 16168.4, 0, 93.0326, 95.1081, 95.7898, 3.06519
0, 0.00000, 16324, 16774.3, 16929.2, 0, 131.422, 135.043, 136.29, 4.39436
0, 0.00000, 5590.67, 5756.99, 5468.56, 0, 629.57, 648.146, 615.792, 21.8653
0, 0.00000, 5837.45, 6004.7, 5711, 0, 620.49, 638.28, 607.07, 21.8336
0, 0.00000, 6105.97, 6273.95, 5975.29, 0, 610.536, 627.345, 597.49, 21.46
0, 0.00000, 6437.26, 8546.76, 6116.1, 0, 603.259, 536.084, 573.153, 72.8987
0, 0.00000, 8693.78, 8606.72, 6447.09, 0, 508.764, 503.69, 563.625, 84.7667
0, 0.00000, 8805.21, 8976.92, 8693.5, 0, 478.286, 487.644, 472.212, 17.5334
0, 0.00000, 9173.35, 9344.93, 9070.81, 0, 459.86, 468.427, 454.671, 16.9239
0, 0.00000, 9566.99, 9739.2, 9477.07, 0, 439.505, 447.411, 435.37, 16.3568
0, 0.00000, 9989.39, 10164.4, 9915.44, 0, 417.209, 424.511, 414.117, 15.7053
0, 0.00000, 10441.8, 10619.2, 10389.1, 0, 392.671, 399.339, 390.685, 14.9717
0, 0.00000, 10926.3, 11107.9, 10901, 0, 365.649, 371.723, 364.799, 14.1493
0, 0.00000, 11444.1, 11632.4, 11453.8, 0, 335.926, 341.453, 336.213, 13.2263
0, 0.00000, 12005.5, 12201.1, 12051.2, 0, 303.584, 308.528, 304.738, 12.025
0, 0.00000, 12637.2, 12829.3, 12715.7, 0, 269.009, 273.106, 270.69, 10.3267
0, 0.00000, 13317.1, 13503.6, 13432, 0, 231.783, 235.03, 233.784, 8.46865
0, 0.00000, 14048, 14230.5, 14211.5, 0, 192.964, 195.471, 195.211, 6.63064
0, 0.00000, 14792.8, 14987.5, 15030.8, 0, 155.447, 157.493, 157.947, 5.07404
0, 0.00000, 15527.6, 15766.7, 15873, 0, 128.19, 130.164, 131.042, 4.14819
0, 0.00000, 16250, 16558.5, 16727.2, 0, 127.828, 130.256, 131.583, 4.12357
0, 0.00000, 16942.6, 17353, 17572.3, 0, 162.145, 166.065, 168.161, 5.27265
0, 0.00000, 5621.33, 5786.19, 5494.85, 0, 634.824, 653.478, 620.58, 22.4638
0, 0.00000, 5872.26, 6037.96, 5741.08, 0, 626.278, 643.962, 612.309, 22.0136
0, 0.00000, 6145.37, 6311.45, 6009.31, 0, 616.861, 633.545, 603.225, 21.6561
0, 0.00000, 7363.62, 8496.41, 6170.33, 0, 556.647, 537.569, 580.254, 90.8261
0, 0.00000, 8540.08, 8706.58, 8413.29, 0, 502.311, 512.127, 494.807, 18.256
0, 0.00000, 8893.99, 9059.29, 8773.16, 0, 485.982, 494.981, 479.327, 17.7177
0, 0.00000, 9273.39, 9437.75, 9161.15, 0, 468.089, 476.349, 462.371, 17.2103
0, 0.00000, 9680.69, 9844.39, 9580.22, 0, 448.383, 455.959, 443.725, 16.6707
0, 0.00000, 10119.4, 10284.3, 10034, 0, 426.816, 433.768, 423.212, 16.0472
0, 0.00000, 10590.7, 10756.3, 10525.7, 0, 403.119, 409.418, 400.644, 15.3495
0, 0.00000, 11097.4, 11265, 11059.1, 0, 377.077, 382.77, 375.776, 14.5707
0, 0.00000, 11641.5, 11813.5, 11637.6, 0, 348.532, 353.681, 348.417, 13.7008
0, 0.00000, 12247.6, 12418.9, 12272.6, 0, 317.985, 322.431, 318.637, 12.3734
0, 0.00000, 12923.6, 13081.5, 12977.6, 0, 285.43, 288.927, 286.633, 10.6382
0, 0.00000, 13658.5, 13802.1, 13746.1, 0, 250.947, 253.586, 252.558, 8.83507
0, 0.00000, 14442.6, 14578.8, 14584.1, 0, 215.83, 217.866, 217.946, 7.14525
0, 0.00000, 15232, 15384.2, 15460.9, 0, 183.461, 185.294, 186.218, 5.90831
0, 0.00000, 16032, 16224.1, 16378.5, 0, 162.542, 164.492, 166.058, 5.16893
0, 0.00000, 16829, 17086.5, 17315.7, 0, 165.34, 167.87, 170.122, 5.21118
0, 0.00000, 17604.1, 17963.1, 18256.9, 0, 197.791, 201.826, 205.126, 6.22374
0, 0.00000, 5649.31, 5813.11, 5518.83, 0, 640.489, 658.912, 625.668, 22.2293
0, 0.00000, 5904.52, 6068.69, 5768.56, 0, 632.35, 649.944, 617.811, 22.2026
0, 0.00000, 6182.39, 6346.58, 6040.87, 0, 623.499, 640.073, 609.25, 21.8632
0, 0.00000, 8509.78, 8401.99, 6220, 0, 539.037, 532.194, 588.544, 85.4202
0, 0.00000, 8616.71, 8777.99, 8481.47, 0, 509.937, 519.509, 501.854, 18.5447
0, 0.00000, 8980.77, 9139.76, 8850.56, 0, 494.214, 502.928, 486.993, 18.0004
0, 0.00000, 9371.65, 9528.68, 9249.22, 0, 476.934, 484.919, 470.698, 17.5405
0, 0.00000, 9793.25, 9948.12, 9681.49, 0, 458.062, 465.298, 452.829, 17.0096
0, 0.00000, 10248.2, 10402.7, 10150.5, 0, 437.382, 443.968, 433.208, 16.4194
0, 0.00000, 10738.9, 10892, 10660.6, 0, 414.704, 420.612, 411.676, 15.7637
0, 0.00000, 11268.4, 11421.2, 11215.8, 0, 389.867, 395.151, 388.046, 15.0365
0, 0.00000, 11843, 11995.4, 11820.9, 0, 362.874, 367.54, 362.197, 14.1613
0, 0.00000, 12496, 12636.8, 12495.7, 0, 334.496, 338.27, 334.497, 12.6935
0, 0.00000, 13216.1, 13337.8, 13241.4, 0, 304.339, 307.152, 304.936, 11.01
0, 0.00000, 14007.6, 14105.4, 14066.2, 0, 273.082, 274.991, 274.227, 9.27332
0, 0.00000, 14838.4, 14926.7, 14959.7, 0, 241.93, 243.37, 243.909, 7.81318
0, 0.00000, 15687.8, 15790.3, 15904.9, 0, 214.856, 216.26, 217.828, 6.82939
0, 0.00000, 16558, 16694.7, 16900.2, 0, 199.581, 201.235, 203.712, 6.24231
0, 0.00000, 17441.8, 17637.9, 17935.3, 0, 205.661, 207.972, 211.479, 6.32437
0, 0.00000, 18311.9, 18606.2, 18986.4, 0, 237.878, 241.703, 246.644, 7.19837
0, 0.00000, 5675.63, 5838.26, 5541, 0, 646.317, 664.624, 630.927, 22.2277
0, 0.00000, 5934.63, 6097.29, 5793.84, 0, 638.674, 656.192, 623.546, 22.4006
0, 0.00000, 6216.97, 6379.32, 6069.93, 0, 630.433, 646.911, 615.546, 22.0806
0, 0.00000, 8582.33, 8459.28, 6253.27, 0, 547.041, 539.178, 595.395, 86.6342
0, 0.00000, 8691.55, 8847.36, 8547.44, 0, 518.044, 527.361, 509.416, 18.8178
0, 0.00000, 9065.73, 9218.27, 8925.66, 0, 503.028, 511.455, 495.197, 18.3001
0, 0.00000, 9468.31, 9617.67, 9334.96, 0, 486.531, 494.198, 479.672, 17.8705
0, 0.00000, 9903.92, 10049.6, 9780.1, 0, 468.548, 475.434, 462.684, 17.3732
0, 0.00000, 10375.4, 10518.9, 10264.3, 0, 448.901, 455.103, 444.093, 16.821
0, 0.00000, 10885.6, 11025.6, 10792.7, 0, 427.423, 432.915, 423.772, 16.2133
0, 0.00000, 11438.5, 11575.6, 11370.1, 0, 403.998, 408.837, 401.58, 15.5448
0, 0.00000, 12047.2, 12178.8, 12002.9, 0, 378.908, 383.045, 377.514, 14.6152
0, 0.00000, 12745.5, 12854.2, 12717.9, 0, 352.961, 355.984, 352.211, 13.072
0, 0.00000, 13514.9, 13595.7, 13507.6, 0, 325.673, 327.623, 325.498, 11.422
0, 0.00000, 14360.3, 14411.3, 14389.3, 0, 297.938, 298.996, 298.54, 9.81758
0, 0.00000, 15237, 15279.1, 15338.2, 0, 270.945, 271.694, 272.744, 8.66286
0, 0.00000, 16154.2, 16203.5, 16358.6, 0, 249.182, 249.943, 252.335, 7.83261
0, 0.00000, 17108.5, 17181.3, 17442.5, 0, 239.322, 240.34, 243.992, 7.37448
0, 0.00000, 18090.1, 18213.3, 18587.2, 0, 248.968, 250.661, 255.808, 7.46958
0, 0.00000, 19069.1, 19283.2, 19763.8, 0, 282.28, 285.45, 292.571, 8.18513
0, 0.00000, 5700, 5861.24, 5560.9, 0, 652.214, 670.64, 636.313, 22.8781
0, 0.00000, 5962.24, 6123.44, 5816.6, 0, 645.24, 662.699, 629.504, 22.6081
0, 0.00000, 6248.93, 6409.49, 6096.32, 0, 637.644, 654.043, 622.098, 22.3077
0, 0.00000, 8653.02, 8514.43, 6283.74, 0, 555.485, 546.562, 602.557, 87.8425
0, 0.00000, 8764.45, 8914.61, 8611, 0, 526.638, 535.681, 517.426, 19.07
0, 0.00000, 9148.75, 9294.71, 8998.33, 0, 512.407, 520.543, 503.918, 18.6164
0, 0.00000, 9563.12, 9704.63, 9418.26, 0, 496.781, 504.123, 489.248, 18.2198
0, 0.00000, 10012.6, 10148.9, 9875.92, 0, 479.81, 486.333, 473.255, 17.76
0, 0.00000, 10500.7, 10632.8, 10375.3, 0, 461.331, 467.13, 455.822, 17.25
0, 0.00000, 11030.7, 11157, 10921.9, 0, 441.226, 446.273, 436.873, 16.6956
0, 0.00000, 11607.3, 11727.9, 11521.5, 0, 419.428, 423.779, 416.324, 16.0927
0, 0.00000, 12257.2, 12362.6, 12185.8, 0, 396.7, 400.113, 394.397, 15.0008
0, 0.00000, 12995.3, 13070.6, 12938.3, 0, 373.295, 375.471, 371.676, 13.5016
0, 0.00000, 13817.2, 13855.5, 13776.5, 0, 349.253, 350.225, 348.229, 11.9128
0, 0.00000, 14711.9, 14716.8, 14712.6, 0, 325.225, 325.333, 325.241, 10.4986
0, 0.00000, 15645.3, 15636.6, 15721.9, 0, 302.736, 302.571, 304.221, 9.59499
0, 0.00000, 16635.1, 16623.3, 16819.3, 0, 286.28, 286.079, 289.449, 8.91183
0, 0.00000, 17683.4, 17683, 18004.3, 0, 281.775, 281.768, 286.884, 8.56096
0, 0.00000, 18774.8, 18812.2, 19271.6, 0, 295.458, 296.042, 303.27, 8.66413
0, 0.00000, 19879.2, 19995.4, 20592.7, 0, 331.063, 332.998, 342.947, 9.1876
0, 0.00000, 5721.85, 5882.02, 5578.62, 0, 658.452, 676.78, 641.951, 22.8867
0, 0.00000, 5987.41, 6147.2, 5836.91, 0, 652.028, 669.443, 635.666, 22.8227
0, 0.00000, 6277.81, 6436.63, 6119.61, 0, 645.122, 661.459, 628.893, 22.5443
0, 0.00000, 8721.7, 8567.08, 6311.12, 0, 564.353, 554.37, 610.036, 89.1962
0, 0.00000, 8835.13, 8979.8, 8672.11, 0, 535.715, 544.524, 525.846, 19.4102
0, 0.00000, 9229.21, 9368.48, 9067.95, 0, 522.343, 530.185, 513.149, 18.9495
0, 0.00000, 9655.25, 9788.75, 9498.27, 0, 507.682, 514.692, 499.42, 18.5882
0, 0.00000, 10118.7, 10245.3, 9968.45, 0, 491.827, 497.973, 484.517, 18.1688
0, 0.00000, 10623.3, 10743.8, 10482.8, 0, 474.655, 480.03, 468.37, 17.7051
0, 0.00000, 11173.4, 11285.5, 11047.6, 0, 456.077, 460.646, 450.938, 17.2086
0, 0.00000, 11776.5, 11878.7, 11669.6, 0, 436.183, 439.964, 432.222, 16.6302
0, 0.00000, 12467.4, 12544.5, 12367.7, 0, 416.035, 418.615, 412.72, 15.4198
0, 0.00000, 13246.1, 13287.5, 13156.1, 0, 395.441, 396.692, 392.777, 13.9802
0, 0.00000, 14120.5, 14114.8, 14044.4, 0, 374.925, 374.777, 372.906, 12.4675
0, 0.00000, 15057.9, 15019.1, 15030.1, 0, 354.667, 353.754, 354.014, 11.3605
0, 0.00000, 16057.5, 15994, 16108, 0, 337.024, 335.692, 338.086, 10.61
0, 0.00000, 17130.6, 17050.9, 17289, 0, 326.043, 324.529, 329.057, 10.0661
0, 0.00000, 18282.3, 18198.9, 18584.3, 0, 327.04, 325.546, 332.432, 9.82041
0, 0.00000, 19496.5, 19434.2, 19987.8, 0, 345.345, 344.231, 354.033, 9.93781
0, 0.00000, 20744.4, 20743.4, 21475, 0, 384.434, 384.421, 397.98, 10.2924
0, 0.00000, 5741.75, 5900.67, 5594.12, 0, 664.742, 683.167, 647.689, 23.3923
0, 0.00000, 6009.88, 6168.32, 5854.55, 0, 659.021, 676.409, 642.016, 23.0453
0, 0.00000, 6303.69, 6460.86, 6139.95, 0, 652.854, 669.172, 635.893, 22.8541
0, 0.00000, 8787.76, 8617.17, 6335.43, 0, 573.655, 562.482, 617.747, 90.2456
0, 0.00000, 8903.28, 9042.31, 8730.23, 0, 545.254, 553.8, 534.673, 19.7179
0, 0.00000, 9307.15, 9439.69, 9134.63, 0, 532.802, 540.348, 522.854, 19.2972
0, 0.00000, 9744.77, 9870.15, 9575.09, 0, 519.193, 525.864, 510.144, 18.9739
0, 0.00000, 10221.8, 10338.6, 10057.2, 0, 504.568, 510.323, 496.436, 18.598
0, 0.00000, 10743.1, 10851.7, 10586.4, 0, 488.822, 493.749, 481.683, 18.1839
0, 0.00000, 11313.3, 11410.8, 11169.2, 0, 471.924, 475.982, 465.909, 17.7495
0, 0.00000, 11943.3, 12026.1, 11813.5, 0, 454.138, 457.282, 449.201, 17.1919
0, 0.00000, 12674.9, 12723.1, 12545.2, 0, 436.773, 438.448, 432.323, 15.8844
0, 0.00000, 13496.7, 13501.5, 13370.5, 0, 419.307, 419.461, 415.392, 14.4839
0, 0.00000, 14420.1, 14371.1, 14308.1, 0, 402.467, 401.101, 399.343, 13.1354
0, 0.00000, 15405.6, 15319.1, 15344.8, 0, 386.292, 384.124, 384.774, 12.3058
0, 0.00000, 16474.4, 16352.5, 16493.3, 0, 373.67, 370.911, 374.105, 11.7016
0, 0.00000, 17639.3, 17484.6, 17765.5, 0, 368.395, 365.171, 371.03, 11.2999
0, 0.00000, 18904.3, 18727.3, 19180.1, 0, 375.232, 371.718, 380.706, 11.1768
0, 0.00000, 20256.4, 20079.4, 20735.7, 0, 398.863, 395.356, 408.269, 11.331
0, 0.00000, 21667.5, 21528.8, 22412.5, 0, 442.669, 439.85, 457.898, 11.5865
0, 0.00000, 5758.71, 5916.73, 5607.15, 0, 671.373, 689.66, 653.658, 23.1483
0, 0.00000, 6029.71, 6186.88, 5869.57, 0, 666.196, 683.575, 648.533, 23.2735
0, 0.00000, 6396.63, 8614.14, 5995.5, 0, 668.107, 602.312, 626.206, 80.7715
0, 0.00000, 8851.5, 8664.4, 6356.45, 0, 583.323, 570.987, 625.741, 91.5861
0, 0.00000, 8968.81, 9102.21, 8785.4, 0, 555.223, 563.508, 543.887, 20.0368
0, 0.00000, 9381.56, 9507.51, 9197.53, 0, 543.71, 550.998, 533.033, 19.6872
0, 0.00000, 9831.04, 9948.25, 9648.1, 0, 531.293, 537.616, 521.396, 19.3758
0, 0.00000, 10321.8, 10428.6, 10142.1, 0, 517.987, 523.337, 508.962, 19.0458
0, 0.00000, 10859.5, 10955.8, 10685.5, 0, 503.79, 508.246, 495.714, 18.6844
0, 0.00000, 11449.6, 11532, 11285.9, 0, 488.717, 492.226, 481.726, 18.3156
0, 0.00000, 12109.5, 12171.7, 11952.8, 0, 473.276, 475.706, 467.153, 17.6968
0, 0.00000, 12878.5, 12897.5, 12717.2, 0, 458.821, 459.518, 453.099, 16.395
0, 0.00000, 13744.9, 13711.6, 13580.1, 0, 444.752, 443.68, 439.427, 15.0685
0, 0.00000, 14714, 14623.2, 14565.3, 0, 431.703, 429.037, 427.34, 13.8817
0, 0.00000, 15753.9, 15616.4, 15655.7, 0, 419.944, 416.283, 417.335, 13.3175
0, 0.00000, 16895.8, 16710, 16875.2, 0, 412.572, 408.044, 412.082, 12.8668
0, 0.00000, 18159.1, 17922.4, 18245.7, 0, 413.323, 407.934, 415.293, 12.624
0, 0.00000, 19547.7, 19266.3, 19788.6, 0, 426.401, 420.26, 431.653, 12.6382
0, 0.00000, 21053.4, 20745.3, 21511.4, 0, 456.204, 449.528, 466.134, 12.9058
0, 0.00000, 22650.9, 22352.2, 23404.8, 0, 506.092, 499.441, 522.95, 13.1749
0, 0.00000, 5773.62, 5930.62, 5617.9, 0, 678.032, 696.353, 659.706, 23.3767
0, 0.00000, 6046.69, 6202.66, 5881.8, 0, 673.534, 690.921, 655.198, 23.5084
0, 0.00000, 6421.03, 8659.66, 6006.52, 0, 676.783, 611.041, 633.091, 82.047
0, 0.00000, 8912.33, 8708.92, 6374.27, 0, 593.389, 579.789, 633.92, 92.6311
0, 0.00000, 9031.3, 9159.1, 8837.23, 0, 565.603, 573.629, 553.467, 20.3666
0, 0.00000, 9453.31, 9572.52, 9257.18, 0, 555.143, 562.132, 543.613, 20.063
0, 0.00000, 9913.8, 10022.8, 9717.07, 0, 543.942, 549.911, 533.136, 19.7923
0, 0.00000, 10418, 10514.8, 10222.6, 0, 532.045, 536.976, 522.054, 19.5102
0, 0.00000, 10971.8, 11055.8, 10779.8, 0, 519.506, 523.468, 510.405, 19.2042
0, 0.00000, 11581.6, 11648.8, 11397.1, 0, 506.386, 509.311, 498.315, 18.9037
0, 0.00000, 12276, 12313.3, 12087.7, 0, 493.702, 495.207, 486.137, 18.1046
0, 0.00000, 13077.2, 13067.1, 12882.4, 0, 482.09, 481.737, 474.936, 16.9438
0, 0.00000, 13988.4, 13917.7, 13784.9, 0, 471.618, 469.24, 464.762, 15.7109
0, 0.00000, 14996.6, 14867.2, 14813, 0, 462.349, 458.359, 456.691, 14.8466
0, 0.00000, 16097.5, 15907.5, 15959.1, 0, 455.39, 450.013, 451.489, 14.396
0, 0.00000, 17319.3, 17065.4, 17252.8, 0, 453.6, 446.964, 451.877, 14.105
0, 0.00000, 18687.4, 18361.8, 18725.9, 0, 460.7, 452.671, 461.644, 14.034
0, 0.00000, 20211, 19814, 20406.3, 0, 480.631, 471.183, 485.27, 14.2242
0, 0.00000, 21888, 21431.5, 22313, 0, 517.628, 506.826, 527.685, 14.6643
0, 0.00000, 23696.2, 23212.5, 24449, 0, 575.053, 563.342, 593.352, 15.1431
0, 0.00000, 5786.16, 5942.17, 5626.22, 0, 684.77, 703.192, 665.85, 23.8371
0, 0.00000, 6061.03, 6215.89, 5891.45, 0, 681.008, 698.421, 661.986, 23.7488
0, 0.00000, 6442.34, 8702.38, 6014.49, 0, 685.654, 620.042, 640.114, 83.3127
0, 0.00000, 8970.15, 8750.31, 6388.6, 0, 603.781, 588.925, 642.307, 93.7706
0, 0.00000, 9090.6, 9213.14, 8885.84, 0, 576.367, 584.19, 563.407, 20.8101
0, 0.00000, 9521.8, 9634.32, 9313.2, 0, 567.011, 573.699, 554.576, 20.4503
0, 0.00000, 9992.95, 10093.8, 9781.95, 0, 557.094, 562.704, 545.318, 20.2217
0, 0.00000, 10510, 10596.8, 10298.1, 0, 546.696, 551.197, 535.665, 19.9895
0, 0.00000, 11079.6, 11151.2, 10868.6, 0, 535.91, 539.357, 525.696, 19.7408
0, 0.00000, 11709.7, 11761.3, 11502.4, 0, 524.843, 527.152, 515.552, 19.4942
0, 0.00000, 12436.5, 12450.1, 12217.7, 0, 515.019, 515.592, 505.974, 18.6131
0, 0.00000, 13270.6, 13232.2, 13040.1, 0, 506.478, 505.033, 497.711, 17.5353
0, 0.00000, 14224.9, 14117.4, 13980.8, 0, 499.747, 495.975, 491.178, 16.4188
0, 0.00000, 15273.8, 15103.1, 15049.2, 0, 494.497, 488.964, 487.238, 15.8237
0, 0.00000, 16436.2, 16193.6, 16252.9, 0, 492.499, 485.228, 487.027, 15.5246
0, 0.00000, 17742.3, 17416.6, 17622.9, 0, 496.613, 487.516, 493.298, 15.4152
0, 0.00000, 19221.4, 18800.3, 19202.1, 0, 510.474, 499.291, 509.954, 15.5363
0, 0.00000, 20889.9, 20366, 21026.8, 0, 537.926, 524.424, 541.44, 15.9441
0, 0.00000, 22754.9, 22131.5, 23130.8, 0, 583.146, 567.174, 592.782, 16.641
0, 0.00000, 24804.9, 24107.5, 25540.5, 0, 649.893, 631.628, 669.152, 17.5353
0, 0.00000, 5794.55, 5959.69, 5628.98, 0, 691.346, 701.037, 673.62, 17.453
0, 0.00000, 6072.21, 6226.07, 5898.07, 0, 688.609, 706.068, 668.881, 23.9725
0, 0.00000, 6460.51, 8742.04, 6019.41, 0, 694.684, 629.296, 647.248, 84.7203
0, 0.00000, 9024.87, 8788.65, 6399.59, 0, 614.487, 598.343, 650.852, 94.8809
0, 0.00000, 9146.79, 9263.88, 8930.84, 0, 587.468, 595.045, 573.638, 21.1653
0, 0.00000, 9586.29, 9692.24, 9364.89, 0, 579.287, 585.676, 565.894, 20.8478
0, 0.00000, 10067.9, 10160.7, 9842.13, 0, 570.714, 575.96, 557.903, 20.6625
0, 0.00000, 10597.2, 10674.2, 10368.4, 0, 561.886, 565.947, 549.738, 20.4815
0, 0.00000, 11182.3, 11241.5, 10951.5, 0, 552.939, 555.85, 541.517, 20.2916
0, 0.00000, 11833, 11868.5, 11601.3, 0, 544.105, 545.736, 533.452, 20.0817
0, 0.00000, 12590.1, 12580.5, 12340.2, 0, 537.168, 536.777, 526.526, 19.1585
0, 0.00000, 13456.7, 13390.2, 13188.9, 0, 531.842, 529.239, 521.294, 18.1717
0, 0.00000, 14450.9, 14307.9, 14165.9, 0, 528.928, 523.696, 518.498, 17.207
0, 0.00000, 15543.4, 15330.3, 15273.7, 0, 527.897, 520.66, 518.741, 16.8449
0, 0.00000, 16768.3, 16470.4, 16534, 0, 531.109, 521.677, 523.692, 16.7149
0, 0.00000, 18161.1, 17760.7, 17981.2, 0, 541.453, 529.537, 536.13, 16.7929
0, 0.00000, 19756.8, 19234.4, 19669, 0, 562.529, 547.656, 560.018, 17.13
0, 0.00000, 21580.3, 20918.7, 21644, 0, 598.254, 579.896, 599.994, 17.7996
0, 0.00000, 23653.4, 22843.6, 23960.3, 0, 653.009, 630.661, 661.493, 18.8365
0, 0.00000, 25977, 25033.1, 26670.8, 0, 731.023, 704.453, 750.541, 20.3001
0, 0.00000, 5886.73, 8084.05, 5487.47, 0, 708.727, 651.476, 660.659, 80.6208
0, 0.00000, 6167.39, 8417.39, 5742.01, 0, 706.289, 645.256, 657.582, 83.1543
0, 0.00000, 8677.84, 8459.37, 6097.76, 0, 631.477, 615.542, 662.803, 92.7852
0, 0.00000, 9075.92, 8823.74, 6407.03, 0, 625.443, 608.047, 659.587, 95.7781
0, 0.00000, 9199.23, 9311.05, 8971.91, 0, 598.897, 606.233, 584.142, 21.5376
0, 0.00000, 9646.88, 9746.39, 9412.39, 0, 591.926, 598.017, 577.522, 21.254
0, 0.00000, 10138.2, 10223.1, 9897.31, 0, 584.754, 589.636, 570.846, 21.113
0, 0.00000, 10679.7, 10746.8, 10433.2, 0, 577.556, 581.168, 564.213, 20.9839
0, 0.00000, 11279.2, 11326.3, 11028, 0, 570.448, 572.829, 557.741, 20.8607
0, 0.00000, 11949.7, 11969.4, 11692.7, 0, 564.007, 564.936, 551.879, 20.6863
0, 0.00000, 12735.9, 12703.9, 12454, 0, 560.04, 558.654, 547.668, 19.7371
0, 0.00000, 13635.5, 13540, 13328.1, 0, 558.088, 554.186, 545.513, 18.8068
0, 0.00000, 14666.2, 14489, 14338.6, 0, 559.043, 552.289, 546.561, 18.042
0, 0.00000, 15802.9, 15546.9, 15485.1, 0, 562.442, 553.331, 551.135, 17.9172
0, 0.00000, 17090.9, 16736.4, 16799.2, 0, 571.067, 559.23, 561.328, 17.9548
0, 0.00000, 18572.2, 18094.9, 18323.9, 0, 587.935, 572.849, 580.137, 18.2338
0, 0.00000, 20288.2, 19659.7, 20120.2, 0, 616.687, 597.588, 611.568, 18.81
0, 0.00000, 22277.1, 21467.7, 22250.2, 0, 661.516, 637.462, 660.675, 19.7784
0, 0.00000, 24576.7, 23560.9, 24790.1, 0, 727.184, 697.134, 733.522, 21.2382
0, 0.00000, 27208.8, 25981.3, 27827.1, 0, 818.624, 781.677, 837.202, 23.3829
0, 0.00000, 5895.15, 8109.63, 5486.38, 0, 716.318, 659.641, 666.744, 82.2082
0, 0.00000, 6177.25, 8446.42, 5740.83, 0, 714.674, 654.119, 664.196, 84.2979
0, 0.00000, 8718.95, 8487.26, 6101.15, 0, 641.684, 624.601, 670.732, 93.6774
0, 0.00000, 9123.54, 8855.41, 6411.03, 0, 636.688, 617.96, 668.366, 96.8065
0, 0.00000, 9247.9, 9354.62, 9009.05, 0, 610.61, 617.713, 594.887, 21.9178
0, 0.00000, 9703.33, 9796.59, 9455.51, 0, 604.887, 610.685, 589.42, 21.6675
0, 0.00000, 10203.8, 10281, 9947.46, 0, 599.161, 603.679, 584.092, 21.5714
0, 0.00000, 10756.6, 10814.2, 10492.1, 0, 593.648, 596.807, 579.035, 21.4948
0, 0.00000, 11370, 11405.2, 11097.6, 0, 588.506, 590.325, 574.407, 21.4327
0, 0.00000, 12059.9, 12063.6, 11776.5, 0, 584.483, 584.663, 570.749, 21.3051
0, 0.00000, 12872.8, 12819.2, 12558.2, 0, 583.521, 581.121, 569.288, 20.3474
0, 0.00000, 13803.7, 13680.6, 13455.8, 0, 585.043, 579.835, 570.307, 19.5237
0, 0.00000, 14865.8, 14659.4, 14496.2, 0, 589.807, 581.617, 575.147, 18.9274
0, 0.00000, 16049.4, 15750.4, 15680.4, 0, 597.909, 586.771, 584.17, 19.0249
0, 0.00000, 17400.9, 16989.9, 17046.6, 0, 612.151, 597.703, 599.697, 19.2369
0, 0.00000, 18971.7, 18416.1, 18647, 0, 635.845, 617.24, 624.968, 19.7266
0, 0.00000, 20810.1, 20072.1, 20549.7, 0, 672.775, 648.912, 664.35, 20.5711
0, 0.00000, 22970.6, 22005.3, 22834, 0, 727.472, 696.887, 723.142, 21.8771
0, 0.00000, 25516.8, 24275.8, 25607.5, 0, 805.535, 766.37, 808.403, 23.8189
0, 0.00000, 28493, 26942.5, 28992.4, 0, 912.824, 863.135, 928.822, 26.7373
0, 0.00000, 5901.49, 8132.53, 5483.43, 0, 723.968, 667.902, 672.682, 82.6922
0, 0.00000, 6184.09, 8472.35, 5736.91, 0, 723.124, 663.149, 670.853, 85.4189
0, 0.00000, 8757.01, 8512.18, 6101.68, 0, 652.123, 633.849, 678.718, 94.5437
0, 0.00000, 9167.14, 8883.43, 6411.38, 0, 648.156, 628.083, 677.213, 97.7862
0, 0.00000, 9292.53, 9394.35, 9042.02, 0, 622.573, 629.453, 605.841, 22.305
0, 0.00000, 9754.95, 9842.21, 9493.62, 0, 618.132, 623.644, 601.552, 22.087
0, 0.00000, 10264.2, 10334, 9992.15, 0, 613.886, 618.044, 597.595, 22.0359
0, 0.00000, 10827.3, 10875.8, 10544.5, 0, 610.019, 612.748, 594.082, 22.0182
0, 0.00000, 11454.2, 11477.9, 11160.1, 0, 606.97, 608.22, 591.386, 22.0111
0, 0.00000, 12164.7, 12152, 11852.2, 0, 605.536, 604.903, 589.98, 21.8212
0, 0.00000, 12999.7, 12925.6, 12651.7, 0, 607.46, 604.003, 591.203, 20.9359
0, 0.00000, 13960, 13811.1, 13571.1, 0, 612.547, 606.02, 595.492, 20.2789
0, 0.00000, 15051.2, 14815.8, 14638.8, 0, 621.153, 611.435, 604.138, 19.9573
0, 0.00000, 16279.6, 15940.6, 15857.3, 0, 634.046, 620.848, 617.612, 20.162
0, 0.00000, 17694.9, 17228.4, 17273, 0, 654.127, 636.894, 638.546, 20.5534
0, 0.00000, 19353.6, 18720.3, 18944.7, 0, 684.917, 662.507, 670.443, 21.2682
0, 0.00000, 21315.5, 20466.5, 20949.9, 0, 730.41, 701.313, 717.874, 22.3928
0, 0.00000, 23654.7, 22527.3, 23388.1, 0, 795.875, 757.917, 786.888, 24.0672
0, 0.00000, 26459.7, 24977.6, 26394.1, 0, 887.709, 838.005, 885.528, 26.5416
0, 0.00000, 29819.2, 27905.6, 30146.5, 0, 1013.6, 948.517, 1024.7, 30.287
0, 0.00000, 5904.43, 8152.51, 5477.41, 0, 731.72, 676.322, 678.89, 84.2118
0, 0.00000, 6187.95, 8495.19, 5730.32, 0, 731.616, 672.32, 677.533, 86.5146
0, 0.00000, 8791.2, 8533.88, 6099.02, 0, 662.689, 643.257, 686.754, 95.357
0, 0.00000, 9206.79, 8907.98, 6408.3, 0, 659.808, 638.382, 686.098, 98.7146
0, 0.00000, 9333.04, 9430.21, 9070.79, 0, 634.747, 641.415, 616.967, 22.6983
0, 0.00000, 9802.1, 9883.64, 9527.11, 0, 631.61, 636.847, 613.87, 22.5108
0, 0.00000, 10319.1, 10381.9, 10031.1, 0, 628.876, 632.682, 611.303, 22.5047
0, 0.00000, 10892, 10931.7, 10590.5, 0, 626.758, 629.04, 609.405, 22.5399
0, 0.00000, 11531, 11543.6, 11214.8, 0, 625.762, 626.441, 608.601, 22.5933
0, 0.00000, 12261.5, 12232.5, 11919, 0, 626.983, 625.501, 609.471, 22.3324
0, 0.00000, 13116.1, 13023.6, 12734, 0, 631.822, 627.37, 613.423, 21.5916
0, 0.00000, 14103, 13930.4, 13673.5, 0, 640.446, 632.614, 620.95, 21.0682
0, 0.00000, 15222, 14958.7, 14764.4, 0, 652.96, 641.664, 633.338, 20.9782
0, 0.00000, 16493, 16115.9, 16014.6, 0, 670.712, 655.375, 651.271, 21.3207
0, 0.00000, 17969.1, 17449.1, 17475.2, 0, 696.732, 676.582, 677.598, 21.8955
0, 0.00000, 19713.2, 19004.2, 19212.6, 0, 734.773, 708.347, 716.11, 22.8409
0, 0.00000, 21797.4, 20838.2, 21314.2, 0, 789.254, 754.521, 771.744, 24.2616
0, 0.00000, 24315.7, 23023.8, 23897.6, 0, 866.131, 820.109, 851.244, 26.3261
0, 0.00000, 27392.6, 25657.6, 27134.4, 0, 973.282, 911.654, 964.152, 29.3676
0, 0.00000, 31165.6, 28852.9, 31257.6, 0, 1120.37, 1037.2, 1123.59, 33.9679
0, 0.00000, 8072.09, 7873.37, 5558.11, 0, 667.502, 665.06, 695.365, 103.168
0, 0.00000, 8437.31, 8206.32, 5812.66, 0, 675.454, 656.921, 695.239, 92.5544
0, 0.00000, 8821.81, 8552.47, 6093.38, 0, 673.386, 652.824, 694.896, 95.9502
0, 0.00000, 9242.16, 8928.83, 6401.69, 0, 671.61, 648.832, 694.991, 99.5858
0, 0.00000, 9369.14, 9461.94, 9095.13, 0, 647.097, 653.565, 628.231, 23.0968
0, 0.00000, 9844.08, 9920.23, 9555.38, 0, 645.281, 650.254, 626.333, 22.9378
0, 0.00000, 10368.3, 10424.4, 10064.3, 0, 644.073, 647.539, 625.163, 22.9763
0, 0.00000, 10950.2, 10981.6, 10629.8, 0, 643.724, 645.568, 624.885, 23.0636
0, 0.00000, 11600.3, 11602.4, 11261.6, 0, 644.801, 644.914, 625.976, 23.1768
0, 0.00000, 12348.3, 12304.5, 11976, 0, 648.667, 646.365, 629.111, 22.8574
0, 0.00000, 13220.8, 13111.4, 12804.4, 0, 656.428, 651.005, 635.766, 22.2694
0, 0.00000, 14231.4, 14037.5, 13761.1, 0, 668.569, 659.469, 646.487, 21.8887
0, 0.00000, 15376.4, 15086.9, 14871.6, 0, 685.037, 672.135, 662.552, 21.9882
0, 0.00000, 16686.9, 16273.9, 16149.9, 0, 707.671, 690.156, 684.914, 22.4932
0, 0.00000, 18219.7, 17649.4, 17649.8, 0, 739.677, 716.534, 716.563, 23.2533
0, 0.00000, 20045.3, 19264, 19446.3, 0, 785.095, 754.503, 761.633, 24.4336
0, 0.00000, 22247.3, 21181.7, 21634.9, 0, 848.834, 808.18, 825.449, 26.1541
0, 0.00000, 24941.8, 23487.7, 24351.8, 0, 937.755, 883.068, 915.573, 28.6242
0, 0.00000, 28292.3, 26299.8, 27803.5, 0, 1061.31, 986.591, 1042.98, 32.2484
0, 0.00000, 32504.2, 29767.8, 32290, 0, 1232.13, 1128.4, 1224.03, 37.7183
